media_movil_6m,lag_3,vix,oro_return,eurusd,lag_12,lag_6,volatilidad_3m,inflacion_usa,sp500_return,tipos_fed,curva10Y2Y,activo_return,target
0.32355062166849774,-0.08359139201237376,18.309999465942383,0.04763111137978071,1.2590018510818481,-0.0754842209637473,0.06183677307480839,0.09590365710007907,0.020352035203520247,0.05076554077889206,0.98,2.43,0.02199835892069313,0.055685639837179224
0.3272459904352824,0.10472943230126286,16.6299991607666,-0.03247534184164658,1.2452058792114258,0.0020944976887715683,0.10598286530571444,0.07430065446695296,0.020262869660460092,0.017276386950755285,1.0,2.32,0.055685639837179224,0.06028392839775121
0.3305169492959976,-0.08650008090934103,14.550000190734863,0.022959945186728614,1.253007173538208,0.0452640213655473,0.07257955460499965,0.02090359611572136,0.01688453159041381,0.01220897373761054,1.01,2.33,0.06028392839775121,0.13043434871145432
0.3462974429130554,0.02199835892069313,16.739999771118164,0.0385613876751183,1.231299638748169,-0.05796223775500886,-0.08359139201237376,0.041891914904602395,0.017400761283306032,-0.01635891961786684,1.0,2.26,0.13043434871145432,-0.04659766295502088
0.35351352393627167,0.055685639837179224,17.190000534057617,-0.09431310307571206,1.198293685913086,0.005659161236785559,0.10472943230126286,0.08914883547095948,0.022925764192139875,-0.016790751960348183,1.0,2.22,-0.04659766295502088,0.08843986590526876
0.37136638661225635,0.06028392839775121,15.5,0.01808785529715773,1.2198989391326904,0.2623060451812178,-0.08650008090934103,0.09250135489235786,0.028977583378895444,0.01208345009735412,1.0,2.12,0.08843986590526876,0.15965794086063934
0.3992568850517273,0.13043434871145432,14.34000015258789,-0.00355328400122934,1.218397855758667,0.06183677307480839,0.02199835892069313,0.10476045891016084,0.03167667941015839,0.017988998771432563,1.03,1.92,0.15965794086063934,-0.006145115571516202
0.4236767590045929,-0.04659766295502088,15.319999694824219,-0.004075410286911052,1.2016053199768066,0.10598286530571444,0.055685639837179224,0.08317550364896822,0.02939575394665228,-0.034290519520026264,1.26,1.82,-0.006145115571516202,0.06648105850046515
0.4500691791375478,0.08843986590526876,15.289999961853027,0.028362927527074033,1.2178043127059937,0.07257955460499965,0.06028392839775121,0.08311352285573037,0.025474254742547275,0.0022873503233691306,1.43,1.72,0.06648105850046515,0.12351368227282733
0.4793080786863963,0.15965794086063934,13.34000015258789,0.04130943689785771,1.2433944940567017,-0.08359139201237376,0.13043434871145432,0.06498549221830713,0.025391680172879516,0.009363875526838816,1.61,1.51,0.12351368227282733,0.3522579168005684
0.5457759946584702,-0.006145115571516202,16.270000457763672,0.023405749957616573,1.283202886581421,0.10472943230126286,-0.04659766295502088,0.15124211149892494,0.03190914007571655,0.014014243690939843,1.76,1.49,0.3522579168005684,0.27957978006665885
0.64313076933225,0.06648105850046515,13.239999771118164,0.053208839656869955,1.3298048973083496,-0.08650008090934103,0.08843986590526876,0.11687790158208483,0.03621621621621607,0.03859493629597055,1.93,1.34,0.27957978006665885,-0.03952229377219352
0.7226826101541519,0.12351368227282733,13.289999961853027,-0.030578303049499378,1.3565024137496948,0.02199835892069313,0.15965794086063934,0.20840664516109167,0.033423180592991875,0.03245821284320516,2.16,1.16,-0.03952229377219352,0.19409909454639718
0.8339451551437378,0.3522579168005684,12.819999694824219,-0.03588574218749996,1.305193305015564,0.055685639837179224,-0.006145115571516202,0.16518274435968186,0.028448738593666034,-0.025290467442294018,2.28,0.85,0.19409909454639718,0.16671067733242384
0.9718499282995859,0.27957978006665885,12.079999923706055,0.034850670062718025,1.3217023611068726,0.06028392839775121,0.06648105850046515,0.12771133912593038,0.030530262453133394,0.018903346132113308,2.5,0.77,0.16671067733242384,-0.07111073862109518
1.0831873913606007,-0.03952229377219352,14.020000457763672,-0.01786938784185277,1.2966973781585693,0.13043434871145432,0.12351368227282733,0.14585689727283643,0.032068412613575736,-0.01911765556028966,2.63,0.7,-0.07111073862109518,-0.13462902138440014
1.1324265996615093,0.19409909454639718,15.3100004196167,0.014695562429623443,1.292306900024414,-0.04659766295502088,0.3522579168005684,0.15884962079174234,0.03361792956243326,-0.020108582083263493,2.79,0.55,-0.13462902138440014,0.10260664521530294
1.1635631918907166,0.16671067733242384,13.289999961853027,0.00036206398448723753,1.2307995557785034,0.08843986590526876,0.27957978006665885,0.12280951591737982,0.02869287991498415,0.02995204663120865,3.0,0.4,0.10260664521530294,-0.07419445864799334
1.1865848700205486,-0.07111073862109518,12.039999961853027,0.001706269722869358,1.2091021537780762,0.15965794086063934,-0.03952229377219352,0.1232826888411522,0.02541026998411855,-0.00014271417986777557,3.04,0.28,-0.07419445864799334,0.1586512973619778
1.2075589100519817,-0.13462902138440014,11.569999694824219,-0.013764625106704731,1.2124004364013672,-0.006145115571516202,0.19409909454639718,0.12152968049916646,0.03067160232681121,0.03596828690361842,3.26,0.26,0.1586512973619778,0.09941462588276728
1.2176963686943054,0.10260664521530294,12.600000381469727,0.009071863112013467,1.234095573425293,0.06648105850046515,0.16671067733242384,0.12101394105046996,0.03646934460887952,-0.011222104598600069,3.5,0.18,0.09941462588276728,0.1433142947324746
1.2773229082425435,-0.07419445864799334,11.920000076293945,0.08114341447107298,1.2028049230575562,0.12351368227282733,-0.07111073862109518,0.030744614224032053,0.04741833508956805,0.00694902431673361,3.62,0.16,0.1433142947324746,0.07424003312859262
1.3848403096199036,0.1586512973619778,15.319999694824219,-0.00831555201809031,1.1988970041275024,0.3522579168005684,-0.13462902138440014,0.03495758063132624,0.04350104821802936,-0.01774077993231349,3.78,0.17,0.07424003312859262,0.17763430412931647
1.5249672929445903,0.09941462588276728,12.0600004196167,0.06342721912034177,1.1804981231689453,0.27957978006665885,0.10260664521530294,0.05266164312047878,0.03338549817423053,0.035186096519093324,4.0,0.07,0.17763430412931647,0.06001227707038881
1.700151006380717,0.1433142947324746,12.069999694824219,0.04549124384303549,1.184399127960205,-0.03952229377219352,-0.07419445864799334,0.06419728131272903,0.03338549817423053,-0.0009523493171964548,4.16,-0.02,0.06001227707038881,0.05035428392056707
1.8642484744389851,0.07424003312859262,12.949999809265137,0.03175807792245822,1.2148454189300537,0.19409909454639718,0.1586512973619778,0.07086186283358252,0.04018789144050117,0.025466771341108085,4.29,-0.01,0.05035428392056707,-0.09296813082141486
1.9721150994300842,0.17763430412931647,12.34000015258789,0.05262743548413118,1.1930042505264282,0.16671067733242384,0.09941462588276728,0.08567146218539093,0.0363825363825363,0.0004531577283561905,4.49,-0.14,-0.09296813082141486,-0.08424519352813076
2.017608940601349,0.06001227707038881,11.390000343322754,0.03596868426847033,1.2115044593811035,-0.07111073862109518,0.1433142947324746,0.08034760267317417,0.03417918177110302,0.011095810408889628,4.59,0.04,-0.08424519352813076,0.12228903530041624
2.0815298358599343,0.05035428392056707,11.59000015258789,0.12031626240753579,1.2624987363815308,-0.13462902138440014,0.07424003312859262,0.12183877658585453,0.03613835828600931,0.01215565291784415,4.79,0.2,0.12228903530041624,-0.15087340445398634
2.041329582532247,-0.09296813082141486,16.440000534057617,-0.014268161962474157,1.2816076278686523,0.10260664521530294,0.17763430412931647,0.1424274228402899,0.03977272727272729,-0.030916916538203165,4.94,0.08,-0.15087340445398634,-0.04182714488326522
1.9683196345965068,-0.08424519352813076,13.079999923706055,-0.045136186770427966,1.2782983779907227,-0.07419445864799334,0.06001227707038881,0.1375032883346341,0.041817243159525175,8.659650459597046e-05,4.99,-0.01,-0.04182714488326522,0.18665980765830748
1.930616279443105,0.12228903530041624,14.949999809265137,0.03374085119320491,1.277400255203247,0.1586512973619778,0.05035428392056707,0.172252742352114,0.041046690610569536,0.0050858788034533475,5.24,0.02,0.18665980765830748,-0.0016189344257208083
1.9274203181266785,-0.15087340445398634,12.3100004196167,-0.013087334647132187,1.2809016704559326,0.09941462588276728,-0.09296813082141486,0.12197805293759277,0.03926568077511483,0.02127419311502643,5.25,-0.05,-0.0016189344257208083,0.13456177195760843
1.9986323118209839,-0.04182714488326522,11.979999542236328,-0.04361726755591999,1.2690999507904053,0.1433142947324746,-0.08424519352813076,0.0972182037443588,0.02012072434607637,0.024566297967782313,5.25,-0.07,0.13456177195760843,0.05326056519791811
2.0520164569218955,0.18665980765830748,11.100000381469727,0.03308874242897919,1.2766989469528198,0.07424003312859262,0.12228903530041624,0.0685162152226092,0.014063284781516971,0.03150800358539563,5.25,-0.1,0.05326056519791811,0.1304882682849371
2.211269716421763,-0.0016189344257208083,10.90999984741211,0.046075049619350716,1.325100064277649,0.17763430412931647,-0.15087340445398634,0.04580865598124807,0.01968702675416467,0.016466656343095964,5.25,-0.16,0.1304882682849371,-0.07440512955982548
2.3489497900009155,0.13456177195760843,11.5600004196167,-0.01808627572340671,1.3198009729385376,0.06001227707038881,-0.04182714488326522,0.10347620678401245,0.025239777889954462,0.012615782814670462,5.24,-0.11,-0.07440512955982548,0.010490631371820713
2.4376903772354126,0.05326056519791811,10.420000076293945,0.026448342994510377,1.3023037910461426,0.05035428392056707,0.18665980765830748,0.10294661040985227,0.020757651781234232,0.014059043023177953,5.25,-0.11,0.010490631371820713,-0.013064467131296165
2.521387219429016,0.1304882682849371,15.420000076293945,0.02668715400929833,1.322891354560852,-0.09296813082141486,-0.0016189344257208083,0.04382695091079879,0.02420260782347028,-0.021846175991944383,5.26,-0.09,-0.013064467131296165,0.09809667312312786
2.60093891620636,-0.07440512955982548,14.640000343322754,-0.009560836839921816,1.3358982801437378,-0.08424519352813076,0.13456177195760843,0.05857539346785899,0.027981972959439272,0.009979982939206433,5.26,0.07,0.09809667312312786,0.07415809629109749
2.69442355632782,0.010490631371820713,14.220000267028809,-0.0016546003016590927,1.3652063608169556,0.12228903530041624,0.05326056519791811,0.058505883085065644,0.025929247633283525,0.043290690426759815,5.25,0.03,0.07415809629109749,0.21432856369927533
2.841891566912333,-0.013064467131296165,13.050000190734863,-0.0013642482357687502,1.3456052541732788,-0.15087340445398634,0.1304882682849371,0.07497851667986383,0.02709885742672613,0.032549228707361655,5.25,-0.02,0.21432856369927533,0.0070135919367197985
3.0276620388031006,0.09809667312312786,16.229999542236328,-0.01951592195773444,1.3536012172698975,-0.04182714488326522,-0.07440512955982548,0.10577936307501205,0.02692765113974227,-0.01781632254788501,5.25,0.16,0.0070135919367197985,0.07964604077902648
3.2575279474258423,0.07415809629109749,23.520000457763672,0.018239099653716506,1.3672035932540894,0.18665980765830748,0.010490631371820713,0.10519375149527886,0.023178905864958077,-0.03198187836198829,5.26,0.22,0.07964604077902648,0.0510018903546019
3.5265456438064575,0.21432856369927533,23.3799991607666,0.01981944749980924,1.3642005920410156,-0.0016189344257208083,-0.013064467131296165,0.03658535767231646,0.01897448478900876,0.012863572018857905,5.02,0.39,0.0510018903546019,0.10824653767371384
3.8289721806844077,0.0070135919367197985,18.0,0.10371469211436657,1.427001714706421,0.13456177195760843,0.09809667312312786,0.028622326433658977,0.028338264299802685,0.03579400817860079,4.94,0.62,0.10824653767371384,0.23770154451833236
4.279166380564372,0.07964604077902648,18.530000686645508,0.06623588181956741,1.4471989870071411,0.05326056519791811,0.07415809629109749,0.09564893213264015,0.03610698365527476,0.014822338223554832,4.76,0.54,0.23770154451833236,-0.040694845836735216
4.583940227826436,0.0510018903546019,22.8700008392334,-0.012373721960819095,1.469594120979309,0.1304882682849371,0.21432856369927533,0.13931181134531637,0.04373267326732666,-0.04404341737941575,4.49,0.93,-0.040694845836735216,0.08703750411784772
4.963671525319417,0.10824653767371384,22.5,0.06737408768165909,1.4601097106933594,-0.07440512955982548,0.0070135919367197985,0.1393555144569996,0.04108813392417532,-0.008628508561297932,4.24,0.99,0.08703750411784772,-0.31663971049789785
4.98164947827657,0.23770154451833236,26.200000762939453,0.1051622771895202,1.4865025281906128,0.010490631371820713,0.07964604077902648,0.20632353846879817,0.04294695655165981,-0.06116343227776988,3.94,1.5,-0.31663971049789785,-0.07638913545806336
4.914432406425476,-0.040694845836735216,26.540000915527344,0.053538487835006254,1.519202709197998,-0.013064467131296165,0.0510018903546019,0.20305331768198728,0.04142959270611968,-0.03476119273728817,2.98,1.88,-0.07638913545806336,0.14781626877455767
4.864643851915996,0.08703750411784772,25.610000610351562,-0.05750433575025271,1.5757957696914673,0.09809667312312786,0.10824653767371384,0.2322741766304136,0.03974903550134434,-0.005959623397817415,2.61,1.83,0.14781626877455767,0.21219551199586917
4.784742474555969,-0.31663971049789785,20.790000915527344,-0.05828424329031312,1.5622069835662842,0.07415809629109749,0.23770154451833236,0.15148919047849166,0.039037609759888126,0.047546697641229096,2.28,1.48,0.21219551199586917,0.0850817067446088
4.817351937294006,-0.07638913545806336,17.829999923706055,0.028395920661369756,1.555790662765503,0.21432856369927533,-0.040694845836735216,0.0635586759305837,0.04088413823123993,0.01067418170406853,1.98,1.4,0.0850817067446088,-0.11290034010433647
4.664341012636821,0.14781626877455767,23.950000762939453,0.010094685250024993,1.57500159740448,0.0070135919367197985,0.08703750411784772,0.16383025942150822,0.04935966105947864,-0.08596238482631446,2.0,1.36,-0.11290034010433647,-0.050704723865377166
4.782145698865254,0.21219551199586917,22.940000534057617,0.01968522698815911,1.5593082904815674,0.07964604077902648,-0.31663971049789785,0.1012448684227521,0.054975120783418374,-0.009859371185302779,2.01,1.47,-0.050704723865377166,0.06656167337809404
5.0044214725494385,0.0850817067446088,20.649999618530273,-0.09257034069490722,1.4695078134536743,0.0510018903546019,-0.07638913545806336,0.09112840472375182,0.053080171620912386,0.012190464669121548,2.0,1.47,0.06656167337809404,-0.32955830013534526
4.855405608812968,-0.11290034010433647,39.38999938964844,0.054142077746263784,1.409641981124878,0.10824653767371384,0.14781626877455767,0.20347881066477258,0.04953319875136075,-0.09079143354379215,1.81,1.85,-0.32955830013534526,-0.05340476099965974
4.524014751116435,-0.050704723865377166,59.88999938964844,-0.18005035714502649,1.2701960802078247,0.23770154451833236,0.21219551199586917,0.2031271178231192,0.03731057889956513,-0.16942452401777075,0.97,2.45,-0.05340476099965974,-0.13867455567387132
4.044207334518433,0.06656167337809404,55.279998779296875,0.1386719114213657,1.2675074338912964,-0.040694845836735216,0.0850817067446088,0.14140268677349557,0.010999174706166848,-0.0748490423387097,0.39,1.93,-0.13867455567387132,-0.07899018109501232
3.6342632373174033,-0.32955830013534526,40.0,0.08257775345611007,1.3979953527450562,0.08703750411784772,-0.11290034010433647,0.043756477947284655,-0.0002222800255385904,0.007821576633499472,0.16,1.49,-0.07899018109501232,0.056004831502019625
3.290587385495504,-0.05340476099965974,44.84000015258789,0.04945678294983269,1.2850992679595947,-0.31663971049789785,-0.050704723865377166,0.09973794144834644,-0.0011358601902212717,-0.08565734305805428,0.15,1.93,0.056004831502019625,-0.009098089042865243
2.8899818658828735,-0.13867455567387132,46.349998474121094,-0.011222360879981408,1.2678931951522827,-0.07638913545806336,0.06656167337809404,0.06751166346265922,8.463140671510772e-05,-0.10993119762019943,0.22,2.02,-0.009098089042865243,0.17702446734390964
2.8473347822825112,-0.07899018109501232,44.13999938964844,-0.011045439229463105,1.3246963024139404,0.14781626877455767,-0.32955830013534526,0.09445082364095217,-0.004464787676623838,0.08540446199532292,0.18,1.9,0.17702446734390964,0.19701272862643537
2.938422441482544,0.056004831502019625,36.5,-0.017717899769023826,1.323521614074707,0.21219551199586917,-0.05340476099965974,0.11366823489535566,-0.005763244243767063,0.09392507914826331,0.15,2.25,0.19701272862643537,0.07931358648066422
3.153856714566549,-0.009098089042865243,28.920000076293945,0.09891094013531898,1.4120903015136719,0.0850817067446088,-0.13867455567387132,0.06298152492334615,-0.01015761495855172,0.05308144638516654,0.18,2.55,0.07931358648066422,0.048744219227470964
3.4389049212137857,0.17702446734390964,26.350000381469727,-0.05281979245178192,1.4038830995559692,-0.11290034010433647,-0.07899018109501232,0.07828486992548639,-0.012291746182109153,0.00019582726560996022,0.21,2.42,0.048744219227470964,0.14715964652902302
3.804753065109253,0.19701272862643537,25.920000076293945,0.028691659283328397,1.4260046482086182,-0.050704723865377166,0.056004831502019625,0.05037057740601696,-0.01958761003762277,0.07414172714778422,0.16,2.39,0.14715964652902302,0.029500244084600835
4.198766708374023,0.07931358648066422,26.010000228881836,-0.0020970954958590138,1.434267520904541,0.06656167337809404,-0.009098089042865243,0.06311320766926821,-0.014838355663267633,0.03356018886854417,0.16,2.43,0.029500244084600835,0.10189625943098868
4.599421739578247,0.048744219227470964,25.610000610351562,0.05915728388235153,1.465502142906189,-0.32955830013534526,0.17702446734390964,0.059348816659362175,-0.01377942862886472,0.03572334572311964,0.15,2.36,0.10189625943098868,0.016994748701213425
4.912384986877441,0.14715964652902302,30.690000534057617,0.0314483642578125,1.4732965230941772,-0.05340476099965974,0.19701272862643537,0.045836370160635076,-0.002239682942003385,-0.019762000526814205,0.12,2.51,0.016994748701213425,0.06053060726896464
5.232489347457886,0.029500244084600835,24.510000228881836,0.01858834641154128,1.5038950443267822,-0.13867455567387132,0.07931358648066422,0.04245537791654316,0.019145871744709275,0.05736406145372763,0.12,2.54,0.06053060726896464,0.05412411450357313
5.573567787806193,0.10189625943098868,21.68000030517578,0.034157507432849066,1.4327058792114258,-0.07899018109501232,0.048744219227470964,0.023505332500199965,0.028141231232083674,0.017770570919338313,0.12,2.71,0.05412411450357313,-0.08859617908124917
5.716741482416789,0.016994748701213425,24.6200008392334,-0.011139473809162359,1.387694001197815,0.056004831502019625,0.14715964652902302,0.08430986869640789,0.026211113889767157,-0.03697424569226215,0.11,2.81,-0.08859617908124917,0.06539592329568755
5.898566961288452,0.06053060726896464,19.5,0.032594689591989745,1.3637913465499878,-0.009098089042865243,0.029500244084600835,0.08583870870111848,0.02151336357866529,0.028513689046546054,0.13,2.8,0.06539592329568755,0.14847060940822798
6.146511236826579,0.05412411450357313,17.59000015258789,-0.0044710719678850985,1.3508037328720093,0.17702446734390964,0.10189625943098868,0.12028828792521783,0.022861714393279886,0.058796425545497355,0.16,2.82,0.14847060940822798,0.11102146492640808
6.50901444753011,-0.08859617908124917,22.049999237060547,0.060001728040995905,1.3298048973083496,0.19701272862643537,0.016994748701213425,0.04160435062228881,0.022067707525304403,0.014759230482012997,0.2,2.72,0.11102146492640808,-0.016125268908895762
6.793513139088948,0.06539592329568755,32.06999969482422,0.027201064528451724,1.2287880182266235,0.07931358648066422,0.06053060726896464,0.08627527021728311,0.020035489292185682,-0.08197584207319053,0.2,2.55,-0.016125268908895762,-0.020826920023410356
6.997261683146159,0.14847060940822798,34.540000915527344,0.027470755790686807,1.223002314567566,0.048744219227470964,0.05412411450357313,0.07480239976326938,0.011215605940686268,-0.05388244223983851,0.18,2.36,-0.020826920023410356,0.02274117765707917
7.32280961672465,0.11102146492640808,23.5,-0.051224447071959056,1.3040019273757935,0.14715964652902302,-0.08859617908124917,0.023912637270437555,0.013407784804821077,0.06877784957463517,0.18,2.39,0.02274117765707917,-0.055004959846431944
7.51497236887614,-0.016125268908895762,26.049999237060547,0.04391126333946471,1.266592264175415,0.029500244084600835,0.06539592329568755,0.038967463860584195,0.011501775395112546,-0.04744918363260475,0.19,2.0,-0.055004959846431944,0.1672153169059034
7.758421738942464,-0.020826920023410356,23.700000762939453,0.06015788600319949,1.3628062009811401,0.10189625943098868,0.14847060940822798,0.11276752650792107,0.011183122472331775,0.08755110305113556,0.19,2.11,0.1672153169059034,0.06072227946657982
7.957625230153401,0.02274117765707917,21.200000762939453,0.03769683813820657,1.377808928489685,0.016994748701213425,0.11102146492640808,0.11114211048769113,0.011666951489314625,0.03685599403554063,0.19,2.29,0.06072227946657982,0.03378940492497251
8.228640476862589,-0.055004959846431944,23.540000915527344,0.02055856231374298,1.3103927373886108,0.06053060726896464,-0.016125268908895762,0.07055567629193078,0.01084544776600338,-0.002290249746576656,0.19,2.36,0.03378940492497251,0.03667073416858124
8.583352963129679,0.1672153169059034,17.75,0.02606496432197658,1.3301233053207397,0.05412411450357313,-0.020826920023410356,0.0147882758771139,0.01437793022217937,0.06530004034715509,0.18,2.69,0.03667073416858124,0.05195913422756604
8.993196646372477,0.06072227946657982,19.530000686645508,-0.061431235140101736,1.3572757244110107,-0.08859617908124917,0.02274117765707917,0.009765383569043148,0.017007834915029774,0.022645574359139164,0.17,2.84,0.05195913422756604,0.040934643451536745
9.54306729634603,0.03378940492497251,18.350000381469727,0.056605186111917005,1.373437762260437,0.06539592329568755,-0.055004959846431944,0.007889396846481746,0.02124898173333145,0.03195656372809341,0.16,2.73,0.040934643451536745,-0.01330627335135448
9.866467793782553,0.03667073416858124,17.739999771118164,0.02100331693775992,1.4121301174163818,0.14847060940822798,0.1672153169059034,0.03493610806155429,0.02619241510354109,-0.0010473129391664893,0.14,2.67,-0.01330627335135448,0.004648638341033129
10.111915270487467,0.05195913422756604,14.75,0.08138159260482469,1.4820963144302368,0.11102146492640808,0.06072227946657982,0.027631896051420798,0.030772344447868694,0.028495380666536008,0.1,2.71,0.004648638341033129,-0.006569302523626308
10.295089403788248,0.040934643451536745,15.449999809265137,-0.015088097422778723,1.4322338104248047,-0.016125268908895762,0.03378940492497251,0.009070169302518851,0.034589718808965,-0.01350095289522324,0.09,2.6,-0.006569302523626308,-0.034959805707991176
10.360558032989502,-0.01330627335135448,16.520000457763672,-0.01972099156203333,1.4478904008865356,-0.020826920023410356,0.03667073416858124,0.020415238215155,0.03502318150636041,-0.018257461652479323,0.09,2.73,-0.034959805707991176,0.16328574671432716
10.616042931874594,0.004648638341033129,25.25,0.08387139446496517,1.4331985712051392,0.02274117765707917,0.05195913422756604,0.10720545499018794,0.035798809769996165,-0.02147442530666621,0.07,2.46,0.16328574671432716,-0.014469494655858006
10.773948351542154,-0.006569302523626308,31.6200008392334,0.12295028260667151,1.4433138370513916,-0.055004959846431944,0.040934643451536745,0.10902452150534468,0.0375499603070808,-0.05679110795232889,0.1,2.03,-0.014469494655858006,-0.009121001900870396
10.937795797983805,-0.034959805707991176,42.959999084472656,-0.11380911981730246,1.3585848808288574,0.1672153169059034,-0.01330627335135448,0.10111842823919134,0.03812621692818685,-0.07176198808089651,0.08,1.67,-0.009121001900870396,0.061522906770896
11.210707664489746,0.16328574671432716,29.959999084472656,0.06405821105522791,1.4140071868896484,0.06072227946657982,0.004648638341033129,0.04241464621601838,0.035222681306640524,0.10772303843744147,0.07,1.92,0.061522906770896,-0.05578305355770741
11.382345835367838,-0.014469494655858006,27.799999237060547,0.012353583941147939,1.3324095010757446,0.03378940492497251,-0.006569302523626308,0.05906013492741407,0.03451432214581729,-0.005058715107011391,0.08,1.83,-0.05578305355770741,0.05965474939638904
11.728569030761719,-0.009121001900870396,23.399999618530273,-0.1029504160251361,1.2956053018569946,0.03667073416858124,-0.034959805707991176,0.06719382993928914,0.03062066838419386,0.008532763666636134,0.07,1.64,0.05965474939638904,0.12711063468948458
12.05816125869751,0.061522906770896,19.440000534057617,0.039403554944970054,1.3139568567276,0.05195913422756604,0.16328574671432716,0.0924898949545347,0.030087663379855023,0.043583062704985354,0.08,1.61,0.12711063468948458,0.1883107882159054
12.845239321390787,-0.05578305355770741,18.43000030517578,0.05063101791114355,1.3477997779846191,0.040934643451536745,-0.014469494655858006,0.06435336248280756,0.028981784423473878,0.04058946376811723,0.1,1.68,0.1883107882159054,0.10528378108467207
13.935044447580973,0.05965474939638904,15.5,-0.02374406398400397,1.334507703781128,-0.01330627335135448,-0.009121001900870396,0.04304136429667274,0.025828752813320977,0.03133231453144192,0.13,1.9,0.10528378108467207,-0.025969904482454065
14.829939365386963,0.12711063468948458,17.149999618530273,-0.02446910567429117,1.3241524696350098,0.004648638341033129,0.061522906770896,0.10804106406934104,0.022731633741348567,-0.007497452372495994,0.14,1.68,-0.025969904482454065,-0.01070223052792696
15.80638345082601,0.1883107882159054,24.059999465942383,-0.04043946176271784,1.2374706268310547,-0.006569302523626308,-0.05578305355770741,0.0717790437531895,0.01737942937466075,-0.06265072571454366,0.16,1.32,-0.01070223052792696,0.01085282558339018
16.700279235839844,0.10528378108467207,17.079999923706055,0.02617434087615811,1.266496181488037,-0.034959805707991176,0.05965474939638904,0.01850061152793708,0.01653870448297634,0.03955498222833631,0.16,1.34,0.01085282558339018,0.0458219890174596
17.470728556315105,-0.025969904482454065,18.93000030517578,0.020870589139419193,1.2259409427642822,0.16328574671432716,0.12711063468948458,0.0285261582600245,0.014175114798464783,0.012597574204787909,0.16,1.28,0.0458219890174596,0.08920027540554676
18.083971341451008,-0.01070223052792696,17.469999313354492,0.029098946588403507,1.2510946989059448,-0.014469494655858006,0.1883107882159054,0.039248866257258444,0.016859349154821235,0.019763369506085704,0.13,1.35,0.08920027540554676,0.007101917559844795
18.435608863830566,0.01085282558339018,15.729999542236328,0.05134750163457258,1.284505009651184,-0.009121001900870396,0.10528378108467207,0.04107119839297504,0.019497168982819613,0.024236153617775313,0.14,1.42,0.007101917559844795,-0.10760059612518624
18.505003293355305,0.0458219890174596,18.600000381469727,-0.030263664572749427,1.2962603569030762,0.061522906770896,-0.025969904482454065,0.09884954058389428,0.021556780595369363,-0.01978940971629395,0.16,1.42,-0.10760059612518624,-0.016864671857794833
18.555255889892578,0.08920027540554676,15.869999885559082,-0.003842780544941804,1.2973533868789673,-0.05578305355770741,-0.01070223052792696,0.06050354260514595,0.017960197033926262,0.0028467166850427716,0.16,1.37,-0.016864671857794833,-0.08658976354434189
18.320026715596516,0.007101917559844795,18.020000457763672,-0.02109999127406681,1.3227688074111938,0.05965474939638904,0.01085282558339018,0.04749745861463796,0.017595049796895523,0.007068230956284616,0.16,1.53,-0.08658976354434189,-0.1440893662978877
17.564834276835125,-0.10760059612518624,14.279999732971191,-0.008478667798059503,1.3568336963653564,0.12711063468948458,0.0458219890174596,0.06371017135289046,0.01684061762098299,0.050428096466868855,0.14,1.75,-0.1440893662978877,-0.030933593094173872
16.466590245564777,-0.016864671857794833,15.510000228881836,-0.04992173047865511,1.3150973320007324,0.1883107882159054,0.08920027540554676,0.05658038917523171,0.020181404902574807,0.011060648765041536,0.15,1.64,-0.030933593094173872,0.008699061129503471
15.364098389943441,-0.08658976354434189,12.699999809265137,0.010838624697648402,1.2807868719100952,0.10528378108467207,0.007101917559844795,0.07928774584372954,0.015187472411246183,0.03598772398287298,0.14,1.62,0.008699061129503471,0.00027109774249844953
14.622213045756022,-0.1440893662978877,13.520000457763672,-0.07687490212101367,1.3095861673355103,-0.025969904482454065,-0.10760059612518624,0.02087865967073638,0.01138808047576867,0.018085767779890016,0.15,1.48,0.00027109774249844953,0.01569624370706224
13.965899785359701,-0.030933593094173872,16.299999237060547,-0.05406872587013445,1.3043931722640991,-0.01070223052792696,-0.016864671857794833,0.0077236245690794495,0.013903888279197085,0.020762811683057825,0.11,1.86,0.01569624370706224,-0.11245705412836215
13.307464281717936,0.008699061129503471,16.860000610351562,-0.12121207074327989,1.3013039827346802,0.01085282558339018,-0.08658976354434189,0.0699628938537457,0.017157935271568725,-0.014999301595580827,0.09,2.16,-0.11245705412836215,0.14122465099642123
13.321016788482666,0.00027109774249844953,13.449999809265137,0.07239742772585944,1.3264886140823364,0.0458219890174596,-0.1440893662978877,0.12684311589368694,0.01885471805415806,0.04946207991308538,0.09,2.29,0.14122465099642123,0.07665810494010228
13.582514127095541,0.01569624370706224,17.010000228881836,0.06377624932553916,1.3224014043807983,0.08920027540554676,-0.030933593094173872,0.13183815189728587,0.01538809488600279,-0.031298019479343964,0.08,2.39,0.07665810494010228,-0.015028255401999369
13.787315527598063,-0.11245705412836215,16.600000381469727,-0.024546592938912926,1.349545955657959,0.007101917559844795,0.008699061129503471,0.07851772443253191,0.010947341081747997,0.029749523259195332,0.08,2.31,-0.015028255401999369,0.0963819734324407
14.227451960245768,0.14122465099642123,13.75,-0.02807287898233668,1.3724011182785034,-0.10760059612518624,0.00027109774249844953,0.05945258439858764,0.00876799143491147,0.04459575276194472,0.09,2.26,0.0963819734324407,0.06384125089808568
14.803715387980143,0.07665810494010228,13.699999809265137,-0.05515261510010527,1.359397530555725,-0.016864671857794833,0.01569624370706224,0.05728806847273316,0.012328701961954458,0.028049471367328715,0.08,2.47,0.06384125089808568,0.014792862187091194
15.678509394327799,-0.015028255401999369,13.720000267028809,-0.0005823196190501978,1.3810056447982788,-0.08658976354434189,-0.11245705412836215,0.04107194121702543,0.015128383667573297,0.023562791975445974,0.09,2.66,0.014792862187091194,-0.10769716536863638
15.95558786392212,0.0963819734324407,18.40999984741211,-0.007818203172379468,1.3558770418167114,-0.1440893662978877,0.14122465099642123,0.08835060794078987,0.01557758795574915,-0.035582905955811595,0.07,2.33,-0.10769716536863638,0.051218992194210555
16.188134511311848,0.06384125089808568,14.0,0.06555926975944937,1.3707455396652222,-0.030933593094173872,0.07665810494010228,0.08325164155782766,0.011204746347724948,0.0431170301781616,0.07,2.33,0.051218992194210555,0.02605766612614513
16.52885373433431,0.014792862187091194,13.880000114440918,-0.028757378006595724,1.3752131462097168,0.008699061129503471,-0.015028255401999369,0.08541837469405177,0.016126949139408042,0.006932165418227054,0.08,2.29,0.02605766612614513,0.0993964700135821
16.910818735758465,-0.10769716536863638,13.40999984741211,0.009505961461583112,1.3813681602478027,0.00027109774249844953,0.0963819734324407,0.03726647701393201,0.02015125303606169,0.006200789153414155,0.09,2.25,0.0993964700135821,0.07271769780878579
17.344383239746094,0.051218992194210555,11.399999618530273,-0.038592158800703436,1.3634566068649292,0.01569624370706224,0.06384125089808568,0.037120290046057096,0.02166947687079812,0.02103028007328045,0.09,2.11,0.07271769780878579,0.033401724731372706
17.845563252766926,0.02605766612614513,11.569999694824219,0.012540245522446813,1.3644425868988037,-0.11245705412836215,0.014792862187091194,0.03319841620279254,0.020589816945944195,0.019058331749470137,0.1,2.06,0.033401724731372706,0.028731378044359435
18.7564484278361,0.0993964700135821,16.950000762939453,0.015921046329937294,1.3396027088165283,0.14122465099642123,-0.10769716536863638,0.024160415985723355,0.019742378703305974,-0.015079830845342368,0.09,2.05,0.028731378044359435,0.07217569959643022
19.78726037343343,0.07271769780878579,12.09000015258789,0.0035120579321883394,1.313456416130066,0.07665810494010228,0.051218992194210555,0.023848977406913344,0.017150983482969062,0.037655295579825276,0.09,1.87,0.07217569959643022,-0.012184095854100185
20.701575597127277,0.033401724731372706,16.309999465942383,-0.05856279823348376,1.269083857536316,-0.015028255401999369,0.02605766612614513,0.04218621450962117,0.016840509711232077,-0.015513837249453988,0.09,1.94,-0.012184095854100185,0.07196013097379961
21.605172793070476,0.028731378044359435,14.029999732971191,-0.032548553832352334,1.2613362073898315,0.0963819734324407,0.0993964700135821,0.04864304072655459,0.016095417021513292,0.023201460667203078,0.09,1.85,0.07196013097379961,0.10120383724272308
22.68755340576172,0.07217569959643022,13.329999923706055,0.0035009612086160935,1.2437965869903564,0.06384125089808568,0.07271769780878579,0.05886746220221865,0.01231524989320798,0.02453358864631494,0.09,1.71,0.10120383724272308,-0.06786641977531649
23.363420486450195,-0.012184095854100185,19.200000762939453,0.00740305786561013,1.2162047624588013,0.014792862187091194,0.033401724731372706,0.09036169031442862,0.006531213919623191,-0.004188587515997044,0.12,1.5,-0.06786641977531649,0.06142403990292644
24.191914876302082,0.07196013097379961,20.969999313354492,0.07990537514580853,1.1287955045700073,-0.10769716536863638,0.028731378044359435,0.0883960849890543,-0.002299309782054282,-0.031040805838410623,0.11,1.21,0.06142403990292644,0.09644949811496795
25.185187021891277,0.10120383724272308,13.34000015258789,-0.017701730619989253,1.119795799255371,0.051218992194210555,0.07217569959643022,0.08654721886433013,-0.0008703146293520536,0.0548925108906233,0.11,1.37,0.09644949811496795,-0.027548795715166552
26.09349791208903,-0.06786641977531649,15.289999961853027,-0.028568405424540533,1.0830246210098267,0.02605766612614513,-0.012184095854100185,0.06392511905043287,-0.00022031284423873476,-0.017396107114219572,0.11,1.38,-0.027548795715166552,0.00578641684523018
26.7620210647583,0.06142403990292644,14.550000190734863,-0.03081185220430005,1.1114321947097778,0.0993964700135821,0.07196013097379961,0.06416983659861063,-0.0010403098939391064,0.008520819822535275,0.12,1.47,0.00578641684523018,0.04099046338586221
27.218929926554363,0.09644949811496795,13.84000015258789,0.005920162259357875,1.0960345268249512,0.07271769780878579,0.10120383724272308,0.03427387568639761,0.0003503321824429584,0.010491382304589791,0.12,1.51,0.04099046338586221,-0.03320575698136996
27.81217670440674,-0.027548795715166552,18.229999542236328,-0.015049625060232108,1.122296690940857,0.033401724731372706,-0.06786641977531649,0.037114223754381365,0.001795718097550525,-0.021011671979729973,0.13,1.71,-0.03320575698136996,-0.03292678500151769
28.001450220743816,0.00578641684523018,12.119999885559082,-0.06538623609555061,1.0939244031906128,0.028731378044359435,0.06142403990292644,0.04275690305145686,0.0022568611104094582,0.019742029435184882,0.13,1.53,-0.03292678500151769,-0.07040401932027496
27.45578130086263,0.04099046338586221,28.43000030517578,0.033518997491588376,1.1214030981063843,0.07217569959643022,0.09644949811496795,0.021557410321366783,0.002413037985344868,-0.06258081825586559,0.14,1.47,-0.07040401932027496,-0.01738825768192931
26.96778170267741,-0.03320575698136996,24.5,-0.01422762100856445,1.1255937814712524,-0.012184095854100185,-0.027548795715166552,0.027253929091474022,8.842961634170088e-05,-0.026442831280001466,0.14,1.42,-0.01738825768192931,0.08340837937026402
26.797020594278973,-0.03292678500151769,15.069999694824219,0.023307933662034985,1.100897192955017,0.07196013097379961,0.00578641684523018,0.07813331237278891,0.0012761656067050708,0.08298311781266654,0.12,1.41,0.08340837937026402,-0.010041692014501558
26.391285578409832,-0.07040401932027496,16.1299991607666,-0.027495034417091113,1.0583018064498901,0.10120383724272308,0.04099046338586221,0.05619437977525757,0.004363182169185187,0.0005048691103348713,0.12,1.27,-0.010041692014501558,-0.1064194396988376
25.67524242401123,-0.01738825768192931,18.209999084472656,-0.04487318475239588,1.093398094177246,-0.06786641977531649,-0.03320575698136996,0.09491767220689637,0.006387247515364791,-0.017530185032692547,0.24,1.21,-0.1064194396988376,-0.07524224086739018
24.815554936726887,0.08340837937026402,20.200000762939453,0.052909528437672826,1.0825908184051514,0.06142403990292644,-0.03292678500151769,0.04917960204935767,0.012375025026943876,-0.0507353220469523,0.34,1.18,-0.07524224086739018,-0.006677877070450311
24.249276161193848,-0.010041692014501558,20.549999237060547,0.10524901238843065,1.0923947095870972,0.09644949811496795,-0.07040401932027496,0.051025269924824625,0.008472775790126619,-0.0041283603090035426,0.38,0.96,-0.006677877070450311,0.13332730834064788
24.239946683247883,-0.1064194396988376,13.949999809265137,0.0002430721710657835,1.1334655284881592,-0.027548795715166552,-0.01738825768192931,0.10630442196958016,0.008916160965521946,0.06599111444005845,0.36,1.05,0.13332730834064788,-0.1399210250928422
23.311058044433594,-0.07524224086739018,15.699999809265137,0.044563281620435546,1.1448328495025635,0.00578641684523018,0.08340837937026402,0.136638110936086,0.011726257503534843,0.0026993982833325436,0.37,1.06,-0.1399210250928422,0.06528724851268275
22.658039410909016,-0.006677877070450311,14.1899995803833,0.007743274817477053,1.1148396730422974,0.04099046338586221,-0.010041692014501558,0.14224657993646858,0.010784764621246223,0.015324602525288444,0.37,0.97,0.06528724851268275,-0.036831272214884136
22.336819648742676,0.13332730834064788,15.630000114440918,0.014791949962415396,1.1128050088882446,-0.03320575698136996,-0.1064194396988376,0.10260451986485537,0.010792865347959424,0.0009109212401243738,0.38,0.91,-0.036831272214884136,0.09006254579383222
22.639918009440105,-0.1399210250928422,11.869999885559082,0.023209932508562403,1.1168068647384644,-0.03292678500151769,-0.07524224086739018,0.06726074719550414,0.008683633430518256,0.035609800753315435,0.39,0.79,0.09006254579383222,0.018136713176785113
23.039196968078613,0.06528724851268275,13.420000076293945,-0.03120828434835987,1.1153244972229004,-0.07040401932027496,-0.006677877070450311,0.06363547996794386,0.010553158595656864,-0.0012192428990193127,0.4,0.78,0.018136713176785113,0.07127646246301023
23.241688410441082,-0.036831272214884136,13.289999961853027,0.00489710329367532,1.121956706047058,-0.01738825768192931,0.13332730834064788,0.03730521696932607,0.015486446201652182,-0.0012344511393173052,0.4,0.83,0.07127646246301023,0.004334111373501814
24.038525581359863,0.09006254579383222,17.059999465942383,-0.03182825498668318,1.0984665155410767,0.08340837937026402,-0.1399210250928422,0.03534502119614093,0.01685924966243646,-0.01942567890903446,0.4,0.98,0.004334111373501814,-0.026598446494214167
24.489041646321613,0.018136713176785113,13.329999923706055,-0.079197759474538,1.0648492574691772,-0.010041692014501558,0.06528724851268275,0.05002932358296751,0.016843334719788938,0.034174521829295035,0.41,1.26,-0.026598446494214167,0.05333545165197595
25.303459803263348,0.07127646246301023,14.039999961853027,-0.017765671302238273,1.0520004034042358,-0.1064194396988376,-0.036831272214884136,0.04030587748325702,0.020507989115119862,0.01820076244186586,0.54,1.25,0.05333545165197595,0.04774653518028371
26.003132820129395,0.004334111373501814,11.989999771118164,0.037028341435971335,1.0708587169647217,-0.07524224086739018,0.09006254579383222,0.044624059953412495,0.025103933482571117,0.01788435819838252,0.65,1.26,0.04774653518028371,0.12888364516394368
27.23126729329427,-0.026598446494214167,12.920000076293945,0.05032555674080297,1.0584250688552856,-0.006677877070450311,0.018136713176785113,0.04531739207476869,0.028103616813294208,0.03719816006681631,0.66,1.14,0.12888364516394368,0.053235719488725186
28.452090581258137,0.05333545165197595,12.369999885559082,-0.004231140716199788,1.0687072277069092,0.13332730834064788,0.07127646246301023,0.045343081831440014,0.0244119623655914,-0.0003891971352694146,0.79,1.13,0.053235719488725186,-6.957943479912743e-05
29.653820355733234,0.04774653518028371,10.819999694824219,0.015072497411890318,1.0907504558563232,-0.1399210250928422,0.004334111373501814,0.06479840235518095,0.02176223471915395,0.009091208748854607,0.9,1.01,-6.957943479912743e-05,0.06341871913489516
31.322006225585938,0.12888364516394368,10.40999984741211,0.0046599988372419965,1.117168664932251,0.06528724851268275,-0.026598446494214167,0.034097684257621955,0.018563431667619756,0.011576251246328662,0.91,0.93,0.06341871913489516,-0.053322534120692544
32.45115343729655,0.053235719488725186,11.180000305175781,-0.024606956625884413,1.144164800643921,-0.036831272214884136,0.05333545165197595,0.05844536116427861,0.01640565809959127,0.004813775207812565,1.04,0.93,-0.053322534120692544,0.03270387597606561
33.550363858540855,-6.957943479912743e-05,10.260000228881836,0.020875332822895,1.1747292280197144,0.09006254579383222,0.04774653518028371,0.06051510147075197,0.017251073506566073,0.019348826001101882,1.15,0.96,0.03270387597606561,0.10266890035924181
34.640341440836586,0.06341871913489516,10.59000015258789,0.03915993726669087,1.1893434524536133,0.018136713176785113,0.12888364516394368,0.07813340675001716,0.0192812155729698,0.000546433019853243,1.16,0.79,0.10266890035924181,-0.056553238063443256
35.0914675394694,-0.053322534120692544,9.510000228881836,-0.02636373838259154,1.1741636991500854,0.07127646246301023,0.053235719488725186,0.07980562470516836,0.021805652303711787,0.019302978562167672,1.15,0.86,-0.056553238063443256,0.0968074207216667
36.1227060953776,0.03270387597606561,10.180000305175781,-0.001789401991684536,1.1652703285217285,0.004334111373501814,-6.957943479912743e-05,0.09028246227852281,0.02020757753132485,0.02218813506615125,1.15,0.78,0.0968074207216667,0.01662320143275564
36.91198285420736,0.10266890035924181,11.279999732971191,-0.004695823844734881,1.18519926071167,-0.026598446494214167,0.06341871913489516,0.07670700965721887,0.02172493864295566,0.028082627806563343,1.16,0.64,0.01662320143275564,-0.011705774782877487
37.93706385294596,-0.056553238063443256,11.039999961853027,0.025997564346263102,1.2000048160552979,0.05333545165197595,-0.053322534120692544,0.056283735831655614,0.021299307195522532,0.009831630594270502,1.3,0.51,-0.011705774782877487,-0.010636193714760989
38.70965894063314,0.0968074207216667,13.539999961853027,0.025032496325182008,1.2409565448760986,0.04774653518028371,0.03270387597606561,0.01605588947445607,0.02151318868063945,0.05617870412552817,1.41,0.58,-0.010636193714760989,0.06384738987344063
39.308109283447266,0.01662320143275564,19.850000381469727,-0.0175504107542942,1.2230321168899536,0.12888364516394368,0.10266890035924181,0.04331518001306752,0.02263468931091861,-0.0389473718793677,1.42,0.62,0.06384738987344063,-0.05421020093697726
39.888989766438804,-0.011705774782877487,19.969999313354492,0.005549257946123154,1.2331976890563965,0.053235719488725186,-0.056553238063443256,0.05969937615182493,0.023309497646499366,-0.02688449860055664,1.51,0.47,-0.05421020093697726,-0.015019729642156587
39.791473388671875,-0.010636193714760989,15.930000305175781,-0.007252743213645774,1.2122827768325806,-6.957943479912743e-05,0.0968074207216667,0.060129735196708604,0.024709963021052994,0.0027187749953683227,1.69,0.46,-0.015019729642156587,0.13076338528527987
40.43089930216471,0.06384738987344063,15.430000305175781,-0.009980264307269837,1.1667250394821167,0.06341871913489516,0.01662320143275564,0.09747122416229584,0.02781921607842497,0.0216083418545836,1.7,0.43,0.13076338528527987,-0.0055982087400389124
41.10752805074056,-0.05421020093697726,16.09000015258789,-0.037535518555654956,1.1704941987991333,-0.053322534120692544,-0.011705774782877487,0.08158427746731299,0.028075506935940187,0.00484243626760783,1.82,0.33,-0.0055982087400389124,0.027983472065200132
42.05795033772787,-0.015019729642156587,12.829999923706055,-0.015583794442303733,1.1707408428192139,0.03270387597606561,-0.010636193714760989,0.07104684390404918,0.02854124785561929,0.03602155617289915,1.91,0.29,0.027983472065200132,0.19622644685058943
44.05917549133301,0.13076338528527987,12.859999656677246,-0.02557232998457981,1.1664663553237915,0.10266890035924181,0.06384738987344063,0.1081408182684487,0.026429238568742575,0.030263211276748248,1.91,0.24,0.19622644685058943,-0.004824775113975277
46.39377021789551,-0.0055982087400389124,12.119999885559082,-0.007331540839906392,1.162304162979126,-0.056553238063443256,-0.05421020093697726,0.10786076943684676,0.02332055105808828,0.0042942874264617625,1.95,0.24,-0.004824775113975277,-0.0304777490032615
48.55566279093424,0.027983472065200132,21.229999542236328,0.01745702797156956,1.1346358060836792,0.0968074207216667,-0.015019729642156587,0.12414672860540889,0.02492032470218053,-0.0694033560936963,2.19,0.28,-0.0304777490032615,-0.18404444887977434
48.28265380859375,0.19622644685058943,18.06999969482422,0.006516457993535951,1.1392766237258911,0.01662320143275564,0.13076338528527987,0.09691963839959275,0.02147328577667773,0.01785935665477978,2.2,0.21,-0.18404444887977434,-0.11361651020433583
47.25031534830729,-0.004824775113975277,25.420000076293945,0.04761522699656795,1.1439945697784424,-0.011705774782877487,-0.0055982087400389124,0.07687097357594698,0.020023809043401064,-0.09177689467997252,2.27,0.21,-0.11361651020433583,0.05515434050530699
46.358729680379234,-0.0304777490032615,16.56999969482422,0.03238668603799488,1.1487650871276855,-0.010636193714760989,0.027983472065200132,0.12292257416670628,0.014875893578291333,0.07868440166582613,2.4,0.18,0.05515434050530699,0.04031463660495116
44.26506741841634,-0.18404444887977434,14.779999732971191,-0.005228387208488505,1.1380189657211304,0.06384738987344063,0.19622644685058943,0.0934510699235426,0.015188615351321877,0.029728889343927145,2.4,0.21,0.04031463660495116,0.10173071601379169
42.911778132120766,-0.11361651020433583,13.710000038146973,-0.015082303543330622,1.1233052015304565,-0.05421020093697726,-0.004824775113975277,0.03204556749721306,0.018831863513063984,0.01792425624958849,2.41,0.14,0.10173071601379169,0.05643561171748113
42.25598589579264,0.05515434050530699,13.119999885559082,-0.007888593327049498,1.1185182332992554,-0.015019729642156587,-0.0304777490032615,0.03184197209592365,0.020005834702090608,0.03931349831373798,2.42,0.24,0.05643561171748113,-0.12757272559966137
42.17135047912598,0.04031463660495116,18.709999084472656,0.01792952847250917,1.1131147146224976,0.13076338528527987,-0.18404444887977434,0.12144325355984667,0.017959105553606136,-0.0657777313668354,2.39,0.19,-0.12757272559966137,0.13487330937406306
43.82560920715332,0.10173071601379169,15.079999923706055,0.07956800310812806,1.1390948295593262,-0.0055982087400389124,-0.11361651020433583,0.1347154172625354,0.01671194894390049,0.0689301639982407,2.38,0.25,0.13487330937406306,0.07639428585872876
45.73885536193848,0.05643561171748113,16.1200008392334,0.011633698646601465,1.1157974004745483,0.027983472065200132,0.05515434050530699,0.13778017469142861,0.01826331335037068,0.013128152166957952,2.4,0.13,0.07639428585872876,-0.02018409744440064
47.214927673339844,-0.12757272559966137,18.979999542236328,0.06521281929185174,1.1012003421783447,0.19622644685058943,0.04031463660495116,0.07830493782005894,0.017376412106666406,-0.018091627240523933,2.13,0.0,-0.02018409744440064,0.07703850979010451
48.63548787434896,0.13487330937406306,16.239999771118164,-0.004922837434499949,1.0942714214324951,-0.004824775113975277,0.10173071601379169,0.05594645431629966,0.016844977040391562,0.017181177931020697,2.04,0.05,0.07703850979010451,0.11068436773678347
50.62289492289225,0.07639428585872876,13.220000267028809,-0.00014664313583645505,1.1154489517211914,-0.0304777490032615,0.05643561171748113,0.06795934359762679,0.017339736996186295,0.020431770513684056,1.83,0.17,0.11068436773678347,0.07432836571340484
54.36854108174642,-0.02018409744440064,12.619999885559082,-0.03030306212009004,1.1019999980926514,-0.18404444887977434,-0.12757272559966137,0.020253178849292203,0.020922903948629168,0.034047037714499906,1.55,0.17,0.07432836571340484,0.10208342365917344
58.26836585998535,0.07703850979010451,13.779999732971191,0.03242871201075781,1.120229721069336,-0.11361651020433583,0.13487330937406306,0.019000343697431185,0.023195274699624457,0.02858981890573009,1.55,0.34,0.10208342365917344,0.05400951973023482
62.20202891031901,0.11068436773678347,18.84000015258789,0.04611146748838335,1.1029127836227417,0.05515434050530699,0.07639428585872876,0.02413261618166585,0.02599767976845202,-0.0016280928190489652,1.55,0.18,0.05400951973023482,-0.11679762971907215
64.85492833455403,0.07432836571340484,40.11000061035156,-0.011876965404106432,1.1030004024505615,0.04031463660495116,-0.02018409744440064,0.11503267511880928,0.023413166797595197,-0.08411048363840312,1.58,0.27,-0.11679762971907215,-0.06755377698922493
66.12423133850098,0.10208342365917344,53.540000915527344,0.031742691487708585,1.1030466556549072,0.10173071601379169,0.07703850979010451,0.0879182143092661,0.014940399642909163,-0.12511928240892822,0.65,0.47,-0.06755377698922493,0.15537360483146223
67.99166679382324,0.05400951973023482,34.150001525878906,0.043656879038482144,1.087725043296814,0.05643561171748113,0.11068436773678347,0.14502801770340068,0.003130472940411133,0.1268440381652789,0.05,0.44,0.15537360483146223,0.08216516754116543
70.09062767028809,-0.11679762971907215,27.510000228881836,0.03129086496263023,1.1110000610351562,-0.12757272559966137,0.07432836571340484,0.11363087550427475,0.001982013035848551,0.04528181966555822,0.05,0.49,0.08216516754116543,0.15049231400243412
73.02367337544759,-0.06755377698922493,30.43000030517578,0.03229890885911102,1.1247202157974243,0.13487330937406306,0.10208342365917344,0.04093063488835832,0.007166562831830481,0.01838839651392421,0.08,0.5,0.15049231400243412,0.1651315729843883
77.75202878316243,0.15537360483146223,24.459999084472656,0.09470164463364483,1.1872254610061646,0.07639428585872876,0.05400951973023482,0.04428380305719324,0.009968647625897997,0.055101321480443666,0.09,0.44,0.1651315729843883,0.2143795085712863
87.61215527852376,0.08216516754116543,26.40999984741211,0.002445448664359917,1.1918240785598755,-0.02018409744440064,-0.11679762971907215,0.03346949031827437,0.012810698495523853,0.07006466690171775,0.1,0.58,0.2143795085712863,-0.10090793630108963
96.11100769042969,0.15049231400243412,26.3700008392334,-0.040709481896636146,1.1742050647735596,0.07703850979010451,-0.06755377698922493,0.16961159185748512,0.013910228912373812,-0.039227970178423055,0.09,0.56,-0.10090793630108963,-0.06001228724634311
101.89416376749675,0.1651315729843883,38.02000045776367,-0.005350980442880848,1.1676785945892334,0.11068436773678347,0.15537360483146223,0.1714494505764426,0.012303863428671624,-0.027665786221379718,0.09,0.74,-0.06001228724634311,0.09360652060876862
108.35403060913086,0.2143795085712863,20.56999969482422,0.00379230894621152,1.1971460580825806,0.07432836571340484,0.08216516754116543,0.10255654227902113,0.011757452138405844,0.10754563544385909,0.09,0.68,0.09360652060876862,0.11649660969702635
115.1311772664388,-0.10090793630108963,22.75,0.004553027617296701,1.2299896478652954,0.10208342365917344,0.15049231400243412,0.0959844475296729,0.013204191315779434,0.03712145909357001,0.09,0.8,0.11649660969702635,-0.005501347963865144
119.35751088460286,-0.06001228724634311,33.09000015258789,-0.02419308401482434,1.213900089263916,0.05400951973023482,0.1651315729843883,0.0648457496228647,0.013738437137002402,-0.011136660755445171,0.09,1.0,-0.005501347963865144,-0.0810852970879623
118.17005411783855,0.09360652060876862,27.950000762939453,-0.06452664434118571,1.2073606252670288,-0.11679762971907215,0.2143795085712863,0.09969540688802635,0.016698167791706853,0.026091451377448394,0.08,1.3,-0.0810852970879623,0.008844834287613068
119.2596206665039,0.11649660969702635,19.399999618530273,-0.008274941820402448,1.1723604202270508,-0.06755377698922493,-0.10090793630108963,0.04831524058999574,0.026678187820641908,0.042438632533165155,0.07,1.58,0.008844834287613068,0.07621779054670808
122.9850959777832,-0.005501347963865144,18.610000610351562,0.031217177311076982,1.2127091884613037,0.15537360483146223,-0.06001228724634311,0.07892064067120318,0.04133077115360573,0.05242532134755851,0.07,1.49,0.07621779054670808,-0.05210720595376772
123.94973373413086,-0.0810852970879623,16.760000228881836,0.07650084730180629,1.2190067768096924,0.08216516754116543,0.09360652060876862,0.06418926594003602,0.04918257089467626,0.00548648867060697,0.06,1.44,-0.05210720595376772,0.10097608440150152
124.71279525756836,0.008844834287613068,15.829999923706055,-0.06922467867115634,1.1901928186416626,0.15049231400243412,0.11649660969702635,0.0821733651368081,0.05295632620349999,0.022214009565834747,0.08,1.2,0.10097608440150152,0.06498274343720767
127.04139836629231,0.07621779054670808,18.239999771118164,0.023605108202631175,1.1867802143096924,0.1651315729843883,-0.005501347963865144,0.0800417293542862,0.05245169381309234,0.02274805482838871,0.1,1.05,0.06498274343720767,0.04092944289482725
132.07513809204102,-0.05210720595376772,16.479999542236328,-0.011607564143653382,1.1796904802322388,0.2143795085712863,-0.0810852970879623,0.030220525632382974,0.05152015301793966,0.028990416255438634,0.09,1.1,0.04092944289482725,-0.06664023496403337
135.2897631327311,0.10097608440150152,23.139999389648438,-0.020239374705398938,1.1601601839065552,-0.10090793630108963,0.008844834287613068,0.0700885217717028,0.05351215590949132,-0.047569168801901096,0.08,1.24,-0.06664023496403337,0.05865727236217522
138.34474309285483,0.06498274343720767,16.260000228881836,0.01578074995803025,1.156136155128479,-0.06001228724634311,0.07621779054670808,0.06780483866023596,0.06235042390298062,0.0691438364006065,0.08,1.07,0.05865727236217522,0.10347130368934687
145.0359090169271,0.04092944289482725,27.190000534057617,-0.005272027153147785,1.1293437480926514,0.09360652060876862,-0.05210720595376772,0.08817189492592915,0.06901970403700863,-0.008333706184746159,0.08,0.91,0.10347130368934687,0.07579665852633166
151.72490692138672,-0.06664023496403337,17.219999313354492,0.03039018107578384,1.132502794265747,0.11649660969702635,0.10097608440150152,0.022612466866663215,0.07174340285065539,0.04361291346206486,0.08,0.79,0.07579665852633166,-0.015712358909604984
156.51165771484375,0.05865727236217522,24.829999923706055,-0.017783857729138153,1.1152374744415283,-0.005501347963865144,0.06498274343720767,0.062375919081392034,0.07558805726967832,-0.052585165027393854,0.08,0.61,-0.015712358909604984,-0.055269439521365205
158.752197265625,0.10347130368934687,30.149999618530273,0.0581615734897285,1.118105411529541,-0.0810852970879623,0.04092944289482725,0.06722720797919098,0.07937278766517819,-0.031360491945908286,0.08,0.39,-0.055269439521365205,0.05882082962077351
164.22201283772787,0.07579665852633166,20.559999465942383,0.02621876704101611,1.1161835193634033,0.008844834287613068,-0.06664023496403337,0.05793178219819689,0.08572204966013852,0.03577328837154625,0.2,0.04,0.05882082962077351,-0.09713080159744392
165.5706303914388,-0.015712358909604984,33.400001525878906,-0.020469886796252945,1.0546298027038574,0.07621779054670808,0.05865727236217522,0.08071542028160122,0.08231750770777224,-0.08795671180434306,0.33,0.19,-0.09713080159744392,-0.05588334951777607
162.95639038085938,-0.055269439521365205,26.190000534057617,-0.02164920593880726,1.0773539543151855,-0.05210720595376772,0.10347130368934687,0.08080770620691227,0.08538171195642064,5.317770464463578e-05,0.77,0.32,-0.05588334951777607,-0.08008013653386992
156.35538482666016,0.05882082962077351,28.709999084472656,-0.03418973899562017,1.04465913772583,0.10097608440150152,0.07579665852633166,0.020726641406962638,0.08979361103105798,-0.08391999993382682,1.21,0.06,-0.08008013653386992,0.18863383443389825
154.42703755696616,-0.09713080159744392,21.329999923706055,-0.022836844814264845,1.022704005241394,0.06498274343720767,-0.015712358909604984,0.1486502247687648,0.08462576727730098,0.09111639173021002,1.68,-0.22,0.18863383443389825,-0.032551925841661
153.20901997884116,-0.05588334951777607,25.8700008392334,-0.028419067951734434,1.0025062561035156,0.04092944289482725,-0.055269439521365205,0.1434045963661014,0.08222579178218825,-0.04244012827299837,2.33,-0.3,-0.032551925841661,-0.11975595520167881
147.32790883382162,-0.08008013653386992,31.6200008392334,-0.02942551551685535,0.9829555749893188,-0.06664023496403337,0.05882082962077351,0.15897166709656974,0.08192106896425821,-0.09339567201327437,2.56,-0.39,-0.11975595520167881,0.10955129944664588
146.69571685791016,0.18863383443389825,25.8799991607666,-0.015940808235575088,0.9955002665519714,0.05865727236217522,-0.09713080159744392,0.11574374454537763,0.07758813957693,0.0798634138370089,3.08,-0.41,0.10955129944664588,-0.03462887807158421
146.6325887044271,-0.032551925841661,20.579999923706055,0.06730238641898212,1.0324499607086182,0.10347130368934687,-0.05588334951777607,0.11591401977633613,0.07122856456533988,0.053752893352493114,3.78,-0.7,-0.03462887807158421,-0.12081664719965646
145.58697891235352,-0.11975595520167881,21.670000076293945,0.042210739502792194,1.0728462934494019,0.07579665852633166,-0.08008013653386992,0.1163941908476649,0.06404600402357152,-0.05897147407473047,4.1,-0.53,-0.12081664719965646,0.1105212901432131
142.67930221557617,0.10955129944664588,19.399999618530273,0.0008155357670653895,1.0850694179534912,-0.015712358909604984,0.18863383443389825,0.1169146014078305,0.06327178517960097,0.0617528578346791,4.33,-0.69,0.1105212901432131,0.021623211832284772
141.14853541056314,-0.03462887807158421,20.700000762939453,0.004236827758631545,1.0611205101013184,-0.055269439521365205,-0.032551925841661,0.11669706010469208,0.05957820738137087,-0.02611249393181858,4.57,-0.89,0.021623211832284772,0.12035646325499005
145.6071434020996,-0.12081664719965646,18.700000762939453,0.0766034084508378,1.0904649496078491,0.05882082962077351,-0.11975595520167881,0.05438727469732503,0.04917719362889961,0.03505161257710898,4.65,-0.58,0.12035646325499005,0.02898720786485054
148.37164688110352,0.1105212901432131,15.779999732971191,0.010716087143695985,1.1128422021865845,-0.09713080159744392,0.10955129944664588,0.05500124878069491,0.049500798791243694,0.014642341662481018,4.83,-0.6,0.02898720786485054,0.04461348689837363
153.24939092000326,0.021623211832284772,17.940000534057617,-0.013165143205512098,1.073306918144226,-0.05588334951777607,-0.03462887807158421,0.04886975870334853,0.04131851231385042,0.002482347368192972,5.06,-0.76,0.04461348689837363,0.09584368998285031
163.84692891438803,0.12035646325499005,13.59000015258789,-0.02179339492645227,1.0868029594421387,-0.08008013653386992,-0.12081664719965646,0.034972616682448165,0.03070617072997095,0.06472746490423464,5.08,-1.06,0.09584368998285031,0.01278548885666897
172.49689737955728,0.02898720786485054,13.630000114440918,0.025714447473768498,1.1024264097213745,0.18863383443389825,0.1105212901432131,0.04190509106249643,0.03287749268428297,0.031138932355010862,5.12,-0.91,0.01278548885666897,-0.043675253766274125
179.22354125976562,0.04461348689837363,13.569999694824219,-0.0163918035159224,1.0932546854019165,-0.032551925841661,0.021623211832284772,0.07018073797550958,0.03722504803505289,-0.017716390070854016,5.33,-0.76,-0.043675253766274125,-0.08744757456320396
180.3371353149414,0.09584368998285031,17.520000457763672,-0.046486419283759295,1.0587612390518188,-0.11975595520167881,0.12035646325499005,0.050250204855330084,0.03687206638119256,-0.048719367465624885,5.33,-0.44,-0.08744757456320396,-0.0025700503965395693
180.59295399983725,0.01278548885666897,18.139999389648438,0.04250440978266656,1.061503529548645,0.10955129944664588,0.02898720786485054,0.04244574560675325,0.032512659098611785,-0.02197968873798295,5.33,-0.19,-0.0025700503965395693,0.11231482793119207
182.76475779215494,-0.043675253766274125,12.920000076293945,0.0578452048780862,1.0973695516586304,-0.03462887807158421,0.04461348689837363,0.10025612768252913,0.031333462745911866,0.08917926878197013,5.33,-0.36,0.11231482793119207,0.014917962826350717
182.61241912841797,-0.08744757456320396,12.449999809265137,0.011922833545408684,1.1055831909179688,-0.12081664719965646,0.09584368998285031,0.0619011513182003,0.033159099427102934,0.04422923115636013,5.33,-0.35,0.014917962826350717,-0.042227378673320826
180.7110112508138,-0.0025700503965395693,14.350000381469727,-0.006788208234537851,1.08433997631073,0.1105212901432131,0.01278548885666897,0.07813986712892543,0.030883429864855705,0.015895707598991615,5.33,-0.28,-0.042227378673320826,-0.019793931484120564
179.61905415852866,0.11231482793119207,13.399999618530273,-0.0013180781588525425,1.0838816165924072,0.021623211832284772,-0.043675253766274125,0.028791680553376473,0.03157074141648697,0.05172064062372317,5.33,-0.39,-0.019793931484120564,-0.050075751643787636
179.7368367513021,0.014917962826350717,13.010000228881836,0.08393212849886278,1.0801469087600708,0.12035646325499005,-0.08744757456320396,0.01571541251583201,0.034868349120836584,0.031018779915342964,5.33,-0.39,-0.050075751643787636,-0.006706170682706736
179.73717244466147,-0.042227378673320826,15.649999618530273,0.033372419617130555,1.0715701580047607,0.02898720786485054,-0.0025700503965395693,0.022245593824834934,0.033607951262196734,-0.04161507173789869,5.33,-0.35,-0.006706170682706736,0.12869124982270508
180.19825236002603,-0.019793931484120564,12.920000076293945,0.013747054788550983,1.0835410356521606,0.04461348689837363,0.11231482793119207,0.09324789796163423,0.03244278584003113,0.0480211901511991,5.33,-0.38,0.12869124982270508,0.09703856382499443
183.2737604777018,-0.050075751643787636,12.4399995803833,0.0020664036462707536,1.0721560716629028,0.09584368998285031,0.014917962826350717,0.07082528261911188,0.029702579486470926,0.03466980128308328,5.33,-0.35,0.09703856382499443,0.05441089806600674
189.58568827311197,-0.006706170682706736,16.360000610351562,0.04244535416963191,1.0816072225570679,0.01278548885666897,-0.042227378673320826,0.037275061091004105,0.029414757935583014,0.011321316887868749,5.33,-0.2,0.05441089806600674,0.031159901557455072
197.64417521158853,0.12869124982270508,15.0,0.027735441511693715,1.1061947345733643,-0.043675253766274125,-0.019793931484120564,0.033410888616490504,0.02607144490692037,0.022834706936630367,5.33,0.0,0.031159901557455072,0.018645009684027603
207.90184020996094,0.09703856382499443,16.729999542236328,0.03606339510925771,1.1169815063476562,-0.08744757456320396,-0.050075751643787636,0.018149518492219414,0.024264830315416708,0.020196884090601275,5.13,0.15,0.018645009684027603,-0.03042905858550915
217.1754887898763,0.05441089806600674,23.15999984741211,0.059822352829202785,1.0859178304672241,-0.0025700503965395693,-0.006706170682706736,0.03255274362891295,0.02578844053871343,-0.009896743303151712,4.83,0.12,-0.03042905858550915,0.05055103741887401
224.71966552734375,0.031159901557455072,13.510000228881836,-0.02968997092298853,1.0580891370773315,0.11231482793119207,0.12869124982270508,0.04079222706026865,0.02719472461284833,0.057301295482098835,4.64,0.05,0.05055103741887401,0.05631615419880576
231.3956553141276,0.018645009684027603,17.350000381469727,0.024304103198067528,1.040615200996399,0.014917962826350717,0.09703856382499443,0.04850385630950984,0.028706909675099812,-0.02499013704848363,4.48,0.33,0.05631615419880576,-0.05758327134271379
233.78602345784506,-0.03042905858550915,16.43000030517578,0.033408583015622995,1.0397279262542725,-0.042227378673320826,0.05441089806600674,0.06416040373096275,0.029909783078999608,0.0270163042404441,4.33,0.36,-0.05758327134271379,0.02474570561406053
235.9999542236328,0.05055103741887401,19.6299991607666,0.008640017361111196,1.039511799812317,-0.019793931484120564,0.031159901557455072,0.058804524782365884,0.028015834477613355,-0.014242092699825126,4.33,0.25,0.02474570561406053,-0.08049023552892487
234.28106180826822,0.05631615419880576,22.280000686645508,0.10081782116372495,1.082391619682312,-0.050075751643787636,0.018645009684027603,0.05534346206979847,0.02381981462805549,-0.05754469768137538,4.33,0.34,-0.08049023552892487,-0.04335306057398958
232.1380818684896,-0.05758327134271379,24.700000762939453,0.058345058384461135,1.1389262676239014,-0.006706170682706736,-0.03042905858550915,0.05337167636524403,0.0232538823025783,-0.007624943346289825,4.33,0.57,-0.04335306057398958,-0.0548234432422523
226.17095438639322,0.02474570561406053,18.56999969482422,-0.004871436507186133,1.1350737810134888,0.12869124982270508,0.05055103741887401,0.019015448405954254,0.023772651073680873,0.06152382614078289,4.33,0.52,-0.0548234432422523,0.0228480764144936
218.7522989908854,-0.08049023552892487,16.729999542236328,0.0006781366270036671,1.1727453470230103,0.09703856382499443,0.05631615419880576,0.04192657308301538,0.02680453865910226,0.049606839467715824,4.33,0.52,0.0228480764144936,0.0116976749668114
214.12270863850912,-0.04335306057398958,16.719999313354492,0.0006288798071716339,1.1429355144500732,0.05441089806600674,-0.05758327134271379,0.04199653871852018,0.02742618052167134,0.0216665625306407,4.33,0.43,0.0116976749668114,0.11836959902339173
212.60764821370444,-0.0548234432422523,15.359999656677246,0.054809912145106665,1.1686338186264038,0.031159901557455072,0.02474570561406053,0.05863388115515295,0.029385917430316155,0.019066444295036122,4.33,0.64,0.11836959902339173,0.0981261024075959
218.10423533121744,0.0228480764144936,16.280000686645508,0.10567985226599852,1.1731443405151367,0.018645009684027603,-0.08049023552892487,0.05665476091652785,0.030225715847133294,0.035323687218701494,4.22,0.56,0.0981261024075959,0.061815166304167946
227.81720225016275,0.0116976749668114,17.440000534057617,0.03681522092952827,1.157246708869934,-0.03042905858550915,-0.04335306057398958,0.0286550958124794,0.027291362382022122,0.0226868719049238,4.09,0.51,0.061815166304167946,0.031364424385052825
240.87405141194662,0.11836959902339173,16.350000381469727,0.05928879925935049,1.15968918800354,0.05055103741887401,-0.0548234432422523,0.033423677776185226,0.026964439164939513,0.0012996181666717899,3.88,0.55,0.031364424385052825,-0.024122217892287856
252.05043284098306,0.0981261024075959,14.949999809265137,0.025436857961000037,1.1747292280197144,0.05631615419880576,0.0228480764144936,0.04357225638172262,0.02653304114557753,-0.0005241344225139777,3.72,0.71,-0.024122217892287856,-0.01987949709807396
