oro_return,precio,inflacion_usa,volatilidad_6m,lag_3,tipos_ecb,eurusd,activo_return,desempleo,sp500_return,vix,tipos_fed,curva10Y2Y,target
0.04763111137978071,0.3201545774936676,0.020352035203520247,0.08874221812277426,-0.08359183927719571,1.0,1.2590018510818481,0.02199797628778577,5.7,0.05076554077889206,18.309999465942383,0.98,2.43,0.05568584156263778
-0.03247534184164658,0.3379826545715332,0.020262869660460092,0.08135035210628191,0.10472997266762496,1.0,1.2452058792114258,0.05568584156263778,5.7,0.017276386950755285,16.6299991607666,1.0,2.32,0.060284198244641374
0.022959945186728614,0.35835766792297363,0.01688453159041381,0.07972276409666179,-0.0864999146150005,1.0,1.253007173538208,0.060284198244641374,5.6,0.01220897373761054,14.550000190734863,1.01,2.33,0.1304341606894197
0.0385613876751183,0.4050997495651245,0.017400761283306032,0.07614417220789484,0.02199797628778577,1.0,1.231299638748169,0.1304341606894197,5.8,-0.01635891961786684,16.739999771118164,1.0,2.26,-0.04659773652288268
-0.09431310307571206,0.3862230181694031,0.022925764192139875,0.07852954082564456,0.05568584156263778,1.0,1.198293685913086,-0.04659773652288268,5.6,-0.016790751960348183,17.190000534057617,1.0,2.22,0.08844025854713156
0.01808785529715773,0.42038068175315857,0.028977583378895444,0.06030446904694377,0.060284198244641374,1.0,1.2198989391326904,0.08844025854713156,5.6,0.01208345009735412,15.5,1.0,2.12,0.1596571866491654
-0.00355328400122934,0.487497478723526,0.03167667941015839,0.0718265894656191,0.1304341606894197,1.0,1.218397855758667,0.1596571866491654,5.6,0.017988998771432563,14.34000015258789,1.03,1.92,-0.006144995558972521
-0.004075410286911052,0.48450180888175964,0.02939575394665228,0.07915351153214062,-0.04659773652288268,1.0,1.2016053199768066,-0.006144995558972521,5.5,-0.034290519520026264,15.319999694824219,1.26,1.82,0.0664816899705194
0.028362927527074033,0.5167123079299927,0.025474254742547275,0.07913034745557097,0.08844025854713156,1.0,1.2178043127059937,0.0664816899705194,5.4,0.0022873503233691306,15.289999961853027,1.43,1.72,0.12351317811501539
0.04130943689785771,0.5805330872535706,0.025391680172879516,0.0780352188621616,0.1596571866491654,1.0,1.2433944940567017,0.12351317811501539,5.4,0.009363875526838816,13.34000015258789,1.61,1.51,0.3522578502954241
0.023405749957616573,0.7850304245948792,0.03190914007571655,0.12215930581888576,-0.006144995558972521,1.0,1.283202886581421,0.3522578502954241,5.5,0.014014243690939843,16.270000457763672,1.76,1.49,0.27958012622787454
0.053208839656869955,1.0045093297958374,0.03621621621621607,0.1333450277446539,0.0664816899705194,1.0,1.3298048973083496,0.27958012622787454,5.4,0.03859493629597055,13.239999771118164,1.93,1.34,-0.039522170407770285
-0.030578303049499378,0.9648089408874512,0.033423180592991875,0.15692048718141297,0.12351317811501539,1.0,1.3565024137496948,-0.039522170407770285,5.4,0.03245821284320516,13.289999961853027,2.16,1.16,0.19409867590941965
-0.03588574218749996,1.152077078819275,0.028448738593666034,0.14301495618204205,0.3522578502954241,1.0,1.305193305015564,0.19409867590941965,5.3,-0.025290467442294018,12.819999694824219,2.28,0.85,0.16671110847598958
0.034850670062718025,1.3441411256790161,0.030530262453133394,0.13516153091475194,0.27958012622787454,1.0,1.3217023611068726,0.16671110847598958,5.4,0.018903346132113308,12.079999923706055,2.5,0.77,-0.07111071970107152
-0.01786938784185277,1.2485582828521729,0.032068412613575736,0.17010461140930813,-0.039522170407770285,1.0,1.2966973781585693,-0.07111071970107152,5.2,-0.01911765556028966,14.020000457763672,2.63,0.7,-0.13462965116512216
0.014695562429623443,1.080465316772461,0.03361792956243326,0.16873344444823607,0.19409867590941965,1.0,1.292306900024414,-0.13462965116512216,5.2,-0.020108582083263493,15.3100004196167,2.79,0.55,0.10260746281830624
0.00036206398448723753,1.1913291215896606,0.02869287991498415,0.13624033754229922,0.16671110847598958,1.0,1.2307995557785034,0.10260746281830624,5.1,0.02995204663120865,13.289999961853027,3.0,0.4,-0.07419483663183002
0.001706269722869358,1.1029386520385742,0.02541026998411855,0.14076291355898432,-0.07111071970107152,1.0,1.2091021537780762,-0.07419483663183002,5.0,-0.00014271417986777557,12.039999961853027,3.04,0.28,0.15865196300955886
-0.013764625106704731,1.2779220342636108,0.03067160232681121,0.1330606418370278,-0.13462965116512216,1.0,1.2124004364013672,0.15865196300955886,5.0,0.03596828690361842,11.569999694824219,3.26,0.26,0.09941392652808245
0.009071863112013467,1.4049652814865112,0.03646934460887952,0.12098113526778885,0.10260746281830624,1.0,1.234095573425293,0.09941392652808245,4.9,-0.011222104598600069,12.600000381469727,3.5,0.18,0.1433147432953299
0.08114341447107298,1.6063175201416016,0.04741833508956805,0.12266273985885304,-0.07419483663183002,1.0,1.2028049230575562,0.1433147432953299,5.0,0.00694902431673361,11.920000076293945,3.62,0.16,0.0742394228976706
-0.00831555201809031,1.7255696058273315,0.04350104821802936,0.0834216472880309,0.15865196300955886,1.0,1.1988970041275024,0.0742394228976706,5.0,-0.01774077993231349,15.319999694824219,3.78,0.17,0.17763540174811587
0.06342721912034177,2.0320918560028076,0.03338549817423053,0.09195454422006905,0.09941392652808245,1.0,1.1804981231689453,0.17763540174811587,5.0,0.035186096519093324,12.0600004196167,4.0,0.07,0.060011303251790826
0.04549124384303549,2.1540403366088867,0.03338549817423053,0.0478921612044969,0.1433147432953299,1.25,1.184399127960205,0.060011303251790826,4.9,-0.0009523493171964548,12.069999694824219,4.16,-0.02,0.050354854062669485
0.03175807792245822,2.2625067234039307,0.04018789144050117,0.05025334525987669,0.0742394228976706,1.25,1.2148454189300537,0.050354854062669485,4.7,0.025466771341108085,12.949999809265137,4.29,-0.01,-0.09296821660587584
0.05262743548413118,2.0521655082702637,0.0363825363825363,0.09382280313559214,0.17763540174811587,1.25,1.1930042505264282,-0.09296821660587584,4.8,0.0004531577283561905,12.34000015258789,4.49,-0.14,-0.08424553227766884
0.03596868426847033,1.8792797327041626,0.03417918177110302,0.10318657718553605,0.060011303251790826,1.5,1.2115044593811035,-0.08424553227766884,4.7,0.011095810408889628,11.390000343322754,4.59,0.04,0.12228932006329907
0.12031626240753579,2.109095573425293,0.03613835828600931,0.10893321119110959,0.050354854062669485,1.5,1.2624987363815308,0.12228932006329907,4.7,0.01215565291784415,11.59000015258789,4.79,0.2,-0.15087334793246543
-0.014268161962474157,1.7908892631530762,0.03977272727272729,0.10777471512966559,-0.09296821660587584,1.5,1.2816076278686523,-0.15087334793246543,4.6,-0.030916916538203165,16.440000534057617,4.94,0.08,-0.04182734179196956
-0.045136186770427966,1.715981125831604,0.041817243159525175,0.10124925240853956,-0.08424553227766884,1.75,1.2782983779907227,-0.04182734179196956,4.6,8.659650459597046e-05,13.079999923706055,4.99,-0.01,0.18665983359283866
0.03374085119320491,2.036285877227783,0.041046690610569536,0.13373840355629454,0.12228932006329907,1.75,1.277400255203247,0.18665983359283866,4.7,0.0050858788034533475,14.949999809265137,5.24,0.02,-0.0016189346152738482
-0.013087334647132187,2.032989263534546,0.03926568077511483,0.12747935599791124,-0.15087334793246543,2.0,1.2809016704559326,-0.0016189346152738482,4.7,0.02127419311502643,12.3100004196167,5.25,-0.05,0.13456213956297525
-0.04361726755591999,2.3065526485443115,0.02012072434607637,0.1281163850796769,-0.04182734179196956,2.0,1.2690999507904053,0.13456213956297525,4.5,0.024566297967782313,11.979999542236328,5.25,-0.07,0.05326034745574981
0.03308874242897919,2.4294004440307617,0.014063284781516971,0.12238519182548992,0.18665983359283866,2.25,1.2766989469528198,0.05326034745574981,4.4,0.03150800358539563,11.100000381469727,5.25,-0.1,0.13048797386837063
0.046075049619350716,2.746407985687256,0.01968702675416467,0.08839010096580817,-0.0016189346152738482,2.25,1.325100064277649,0.13048797386837063,4.5,0.016466656343095964,10.90999984741211,5.25,-0.16,-0.07440506212633269
-0.01808627572340671,2.5420613288879395,0.025239777889954462,0.09765813020750215,0.13456213956297525,2.5,1.3198009729385376,-0.07440506212633269,4.4,0.012615782814670462,11.5600004196167,5.24,-0.11,0.01049091470804564
0.026448342994510377,2.568729877471924,0.020757651781234232,0.08120361852346844,0.05326034745574981,2.5,1.3023037910461426,0.01049091470804564,4.6,0.014059043023177953,10.420000076293945,5.25,-0.11,-0.013064837181690714
0.02668715400929833,2.535169839859009,0.02420260782347028,0.08256003185159,0.13048797386837063,2.5,1.322891354560852,-0.013064837181690714,4.5,-0.021846175991944383,15.420000076293945,5.26,-0.09,0.09809698293272451
-0.009560836839921816,2.783862352371216,0.027981972959439272,0.07524443063280772,-0.07440506212633269,2.75,1.3358982801437378,0.09809698293272451,4.4,0.009979982939206433,14.640000343322754,5.26,0.07,0.07415818193418922
-0.0016546003016590927,2.9903085231781006,0.025929247633283525,0.07677436939826647,0.01049091470804564,2.75,1.3652063608169556,0.07415818193418922,4.5,0.043290690426759815,14.220000267028809,5.25,0.03,0.2143287060716237
-0.0013642482357687502,3.6312174797058105,0.02709885742672613,0.10089623036816021,-0.013064837181690714,2.75,1.3456052541732788,0.2143287060716237,4.4,0.032549228707361655,13.050000190734863,5.25,-0.02,0.007013327923111712
-0.01951592195773444,3.656684398651123,0.02692765113974227,0.08474194219980459,0.09809698293272451,3.0,1.3536012172698975,0.007013327923111712,4.6,-0.01781632254788501,16.229999542236328,5.25,0.16,0.07964630677502327
0.018239099653716506,3.9479258060455322,0.023178905864958077,0.08040969016211041,0.07415818193418922,3.0,1.3672035932540894,0.07964630677502327,4.7,-0.03198187836198829,23.520000457763672,5.26,0.22,0.05100169994192205
0.01981944749980924,4.1492767333984375,0.01897448478900876,0.06963854776538296,0.2143287060716237,3.0,1.3642005920410156,0.05100169994192205,4.6,0.012863572018857905,23.3799991607666,5.02,0.39,0.10824653767371384
0.10371469211436657,4.598421573638916,0.028338264299802685,0.07007302498306657,0.007013327923111712,3.0,1.427001714706421,0.10824653767371384,4.7,0.03579400817860079,18.0,4.94,0.62,0.23770175190999954
0.06623588181956741,5.691474437713623,0.03610698365527476,0.09161201401374147,0.07964630677502327,3.0,1.4471989870071411,0.23770175190999954,4.7,0.014822338223554832,18.530000686645508,4.76,0.54,-0.0406950903606913
-0.012373721960819095,5.459859371185303,0.04373267326732666,0.09609773475248398,0.05100169994192205,3.0,1.469594120979309,-0.0406950903606913,4.7,-0.04404341737941575,22.8700008392334,4.49,0.93,0.08703742438421136
0.06737408768165909,5.9350714683532715,0.04108813392417532,0.0903529506634703,0.10824653767371384,3.0,1.4601097106933594,0.08703742438421136,5.0,-0.008628508561297932,22.5,4.24,0.99,-0.3166395203501766
0.1051622771895202,4.055793285369873,0.04294695655165981,0.18848836032349287,0.23770175190999954,3.0,1.4865025281906128,-0.3166395203501766,5.0,-0.06116343227776988,26.200000762939453,3.94,1.5,-0.07638924404643288
0.053538487835006254,3.74597430229187,0.04142959270611968,0.19159689509345904,-0.0406950903606913,3.0,1.519202709197998,-0.07638924404643288,4.9,-0.03476119273728817,26.540000915527344,2.98,1.88,0.14781677794746662
-0.05750433575025271,4.299692153930664,0.03974903550134434,0.19668660696071996,0.08703742438421136,3.0,1.5757957696914673,0.14781677794746662,5.1,-0.005959623397817415,25.610000610351562,2.61,1.83,0.21219486336417392
-0.05828424329031312,5.212064743041992,0.039037609759888126,0.19087921438244437,-0.3166395203501766,3.0,1.5622069835662842,0.21219486336417392,5.0,0.047546697641229096,20.790000915527344,2.28,1.48,0.08508208047725563
0.028395920661369756,5.655518054962158,0.04088413823123993,0.19212596070995344,-0.07638924404643288,3.0,1.555790662765503,0.08508208047725563,5.4,0.01067418170406853,17.829999923706055,1.98,1.4,-0.11290056448806751
0.010094685250024993,5.017006874084473,0.04935966105947864,0.1961331342223594,0.14781677794746662,3.0,1.57500159740448,-0.11290056448806751,5.6,-0.08596238482631446,23.950000762939453,2.0,1.36,-0.05070491395367893
0.01968522698815911,4.762619972229004,0.054975120783418374,0.13285881936375152,0.21219486336417392,3.25,1.5593082904815674,-0.05070491395367893,5.8,-0.009859371185302779,22.940000534057617,2.01,1.47,0.06656148646497395
-0.09257034069490722,5.07962703704834,0.053080171620912386,0.12138666192796344,0.08508208047725563,3.25,1.4695078134536743,0.06656148646497395,6.1,0.012190464669121548,20.649999618530273,2.0,1.47,-0.3295579075825491
0.054142077746263784,3.4055957794189453,0.04953319875136075,0.18859188818855843,-0.11290056448806751,3.25,1.409641981124878,-0.3295579075825491,6.1,-0.09079143354379215,39.38999938964844,1.81,1.85,-0.053405239838634655
-0.18005035714502649,3.2237191200256348,0.03731057889956513,0.14996876434202083,-0.05070491395367893,3.25,1.2701960802078247,-0.053405239838634655,6.5,-0.16942452401777075,59.88999938964844,0.97,2.45,-0.13867437482518263
0.1386719114213657,2.776671886444092,0.010999174706166848,0.13163935902801036,0.06656148646497395,2.75,1.2675074338912964,-0.13867437482518263,6.8,-0.0748490423387097,55.279998779296875,0.39,1.93,-0.07899001614774803
0.08257775345611007,2.557342529296875,-0.0002222800255385904,0.131862892176793,-0.3295579075825491,2.0,1.3979953527450562,-0.07899001614774803,7.3,0.007821576633499472,40.0,0.16,1.49,0.05600491950977937
0.04945678294983269,2.700566291809082,-0.0011358601902212717,0.1458815366964786,-0.053405239838634655,1.0,1.2850992679595947,0.05600491950977937,7.8,-0.08565734305805428,44.84000015258789,0.15,1.93,-0.009098175721082624
-0.011222360879981408,2.6759960651397705,8.463140671510772e-05,0.1334531731039714,-0.13867437482518263,1.0,1.2678931951522827,-0.009098175721082624,8.3,-0.10993119762019943,46.349998474121094,0.22,2.02,0.17702382790501137
-0.011045439229463105,3.1497111320495605,-0.004464787676623838,0.11181103657588633,-0.07899001614774803,0.5,1.3246963024139404,0.17702382790501137,8.7,0.08540446199532292,44.13999938964844,0.18,1.9,0.19701327227643106
-0.017717899769023826,3.7702460289001465,-0.005763244243767063,0.1356126162707547,0.05600491950977937,0.25,1.323521614074707,0.19701327227643106,9.0,0.09392507914826331,36.5,0.15,2.25,0.0793132070594107
0.09891094013531898,4.069276332855225,-0.01015761495855172,0.10613514773973641,-0.009098175721082624,0.25,1.4120903015136719,0.0793132070594107,9.4,0.05308144638516654,28.920000076293945,0.18,2.55,0.04874447072267496
-0.05281979245178192,4.2676310539245605,-0.012291746182109153,0.0797544013443752,0.17702382790501137,0.25,1.4038830995559692,0.04874447072267496,9.5,0.00019582726560996022,26.350000381469727,0.21,2.42,0.14715977470513253
0.028691659283328397,4.895654678344727,-0.01958761003762277,0.08032063031903454,0.19701327227643106,0.25,1.4260046482086182,0.14715977470513253,9.5,0.07414172714778422,25.920000076293945,0.16,2.39,0.029500438884761282
-0.0020970954958590138,5.040078639984131,-0.014838355663267633,0.07008541279301637,0.0793132070594107,0.25,1.434267520904541,0.029500438884761282,9.6,0.03356018886854417,26.010000228881836,0.16,2.43,0.10189595632315473
0.05915728388235153,5.553642272949219,-0.01377942862886472,0.06270930095760584,0.04874447072267496,0.25,1.465502142906189,0.10189595632315473,9.8,0.03572334572311964,25.610000610351562,0.15,2.36,0.016994921880902902
0.0314483642578125,5.648025989532471,-0.002239682942003385,0.04890214398885961,0.14715977470513253,0.25,1.4732965230941772,0.016994921880902902,10.0,-0.019762000526814205,30.690000534057617,0.12,2.51,0.06053034888227882
0.01858834641154128,5.989902973175049,0.019145871744709275,0.04883406995583895,0.029500438884761282,0.25,1.5038950443267822,0.06053034888227882,9.9,0.05736406145372763,24.510000228881836,0.12,2.54,0.054124361941346066
0.034157507432849066,6.314102649688721,0.028141231232083674,0.04846949159678424,0.10189595632315473,0.25,1.4327058792114258,0.054124361941346066,9.9,0.017770570919338313,21.68000030517578,0.12,2.71,-0.08859654998745248
-0.011139473809162359,5.754694938659668,0.026211113889767157,0.06467225703314437,0.016994921880902902,0.25,1.387694001197815,-0.08859654998745248,9.8,-0.03697424569226215,24.6200008392334,0.11,2.81,0.06539627641283441
0.032594689591989745,6.131030559539795,0.02151336357866529,0.06635783700355406,0.06053034888227882,0.25,1.3637913465499878,0.06539627641283441,9.8,0.028513689046546054,19.5,0.13,2.8,0.14847029831067027
-0.0044710719678850985,7.041306495666504,0.022861714393279886,0.0775246581632938,0.054124361941346066,0.25,1.3508037328720093,0.14847029831067027,9.9,0.058796425545497355,17.59000015258789,0.16,2.82,0.11102088552004541
0.060001728040995905,7.823038578033447,0.022067707525304403,0.08069859933437956,-0.08859654998745248,0.25,1.3298048973083496,0.11102088552004541,9.9,0.014759230482012997,22.049999237060547,0.2,2.72,-0.016124001674742816
0.027201064528451724,7.696899890899658,0.020035489292185682,0.08619191912454761,0.06539627641283441,0.25,1.2287880182266235,-0.016124001674742816,9.6,-0.08197584207319053,32.06999969482422,0.2,2.55,-0.020827157508665928
0.027470755790686807,7.536595344543457,0.011215605940686268,0.09007343596651388,0.14847029831067027,0.25,1.223002314567566,-0.020827157508665928,9.4,-0.05388244223983851,34.540000915527344,0.18,2.36,0.022741171901780932
-0.051224447071959056,7.707986354827881,0.013407784804821077,0.06894911977558743,0.11102088552004541,0.25,1.3040019273757935,0.022741171901780932,9.4,0.06877784957463517,23.5,0.18,2.39,-0.055005441137324196
0.04391126333946471,7.284005165100098,0.011501775395112546,0.08071113433300768,-0.016124001674742816,0.25,1.266592264175415,-0.055005441137324196,9.5,-0.04744918363260475,26.049999237060547,0.19,2.0,0.1672154916191544
0.06015788600319949,8.50200366973877,0.011183122472331775,0.08630358609681014,-0.020827157508665928,0.25,1.3628062009811401,0.1672154916191544,9.5,0.08755110305113556,23.700000762939453,0.19,2.11,0.060722174107293636
0.03769683813820657,9.018263816833496,0.011666951489314625,0.07960643818667552,0.022741171901780932,0.25,1.377808928489685,0.060722174107293636,9.4,0.03685599403554063,21.200000762939453,0.19,2.29,0.033789835068237295
0.02055856231374298,9.322989463806152,0.01084544776600338,0.07682662394147846,-0.055005441137324196,0.25,1.3103927373886108,0.033789835068237295,9.8,-0.002290249746576656,23.540000915527344,0.19,2.36,0.03667052208076149
0.02606496432197658,9.664868354797363,0.01437793022217937,0.07193457239158384,0.1672154916191544,0.25,1.3301233053207397,0.03667052208076149,9.3,0.06530004034715509,17.75,0.18,2.69,0.0519593315762068
-0.061431235140101736,10.167048454284668,0.017007834915029774,0.07116356059883207,0.060722174107293636,0.25,1.3572757244110107,0.0519593315762068,9.1,0.022645574359139164,19.530000686645508,0.17,2.84,0.040934541971647365
0.056605186111917005,10.583231925964355,0.02124898173333145,0.05097424324607568,0.033789835068237295,0.25,1.373437762260437,0.040934541971647365,9.0,0.03195656372809341,18.350000381469727,0.16,2.73,-0.013306632599591861
0.02100331693775992,10.442404747009277,0.02619241510354109,0.02577655948655434,0.03667052208076149,0.25,1.4121301174163818,-0.013306632599591861,9.0,-0.0010473129391664893,17.739999771118164,0.14,2.67,0.004648639614672767
0.08138159260482469,10.490947723388672,0.030772344447868694,0.02478740675797066,0.0519593315762068,0.5,1.4820963144302368,0.004648639614672767,9.1,0.028495380666536008,14.75,0.1,2.71,-0.006569122506171476
-0.015088097422778723,10.42203140258789,0.034589718808965,0.02750683602664822,0.040934541971647365,0.5,1.4322338104248047,-0.006569122506171476,9.0,-0.01350095289522324,15.449999809265137,0.09,2.6,-0.03495953439018651
-0.01972099156203333,10.057682037353516,0.03502318150636041,0.033272881175949315,-0.013306632599591861,0.5,1.4478904008865356,-0.03495953439018651,9.1,-0.018257461652479323,16.520000457763672,0.09,2.73,0.16328543128719564
0.08387139446496517,11.699954986572266,0.035798809769996165,0.07189908216656415,0.004648639614672767,0.75,1.4331985712051392,0.16328543128719564,9.0,-0.02147442530666621,25.25,0.07,2.46,-0.014469251302463348
0.12295028260667151,11.530665397644043,0.0375499603070808,0.07309472302774699,-0.006569122506171476,0.75,1.4433138370513916,-0.014469251302463348,9.0,-0.05679110795232889,31.6200008392334,0.1,2.03,-0.009121000392117051
-0.11380911981730246,11.425494194030762,0.03812621692818685,0.0727733329603117,-0.03495953439018651,0.75,1.3585848808288574,-0.009121000392117051,9.0,-0.07176198808089651,42.959999084472656,0.08,1.67,0.06152339731425216
0.06405821105522791,12.128429412841797,0.035222681306640524,0.0745050195520528,0.16328543128719564,0.75,1.4140071868896484,0.06152339731425216,8.8,0.10772303843744147,29.959999084472656,0.07,1.92,-0.05578364751784537
0.012353583941147939,11.451861381530762,0.03451432214581729,0.08128918902407052,-0.014469251302463348,0.5,1.3324095010757446,-0.05578364751784537,8.6,-0.005058715107011391,27.799999237060547,0.08,1.83,0.05965458284279834
-0.1029504160251361,12.135017395019531,0.03062066838419386,0.07797437051036123,-0.009121000392117051,0.25,1.2956053018569946,0.05965458284279834,8.5,0.008532763666636134,23.399999618530273,0.07,1.64,0.12711128337737443
0.039403554944970054,13.677515029907227,0.030087663379855023,0.06655831006599931,0.06152339731425216,0.25,1.3139568567276,0.12711128337737443,8.3,0.043583062704985354,19.440000534057617,0.08,1.61,0.18831043053249386
0.05063101791114355,16.25313377380371,0.028981784423473878,0.08846547466217905,-0.05578364751784537,0.25,1.3477997779846191,0.18831043053249386,8.3,0.04058946376811723,18.43000030517578,0.1,1.68,0.10528365137666995
-0.02374406398400397,17.964323043823242,0.025828752813320977,0.08219027209764941,0.05965458284279834,0.25,1.334507703781128,0.10528365137666995,8.2,0.03133231453144192,15.5,0.13,1.9,-0.025969585959686237
-0.02446910567429117,17.4977970123291,0.022731633741348567,0.09334498273421804,0.12711128337737443,0.25,1.3241524696350098,-0.025969585959686237,8.2,-0.007497452372495994,17.149999618530273,0.14,1.68,-0.010702445038279884
-0.04043946176271784,17.310527801513672,0.01737942937466075,0.08275330430524386,0.18831043053249386,0.25,1.2374706268310547,-0.010702445038279884,8.2,-0.06265072571454366,24.059999465942383,0.16,1.32,0.01085370586209189
0.02617434087615811,17.498411178588867,0.01653870448297634,0.08674123905679958,0.10528365137666995,0.25,1.266496181488037,0.01085370586209189,8.2,0.03955498222833631,17.079999923706055,0.16,1.34,0.04582074505186107
0.020870589139419193,18.300201416015625,0.014175114798464783,0.08143870067047007,-0.025969585959686237,0.0,1.2259409427642822,0.04582074505186107,8.2,0.012597574204787909,18.93000030517578,0.16,1.28,0.08920081512721345
0.029098946588403507,19.932594299316406,0.016859349154821235,0.05362891121707604,-0.010702445038279884,0.0,1.2510946989059448,0.08920081512721345,8.1,0.019763369506085704,17.469999313354492,0.13,1.35,0.007101245691560676
0.05134750163457258,20.074140548706055,0.019497168982819613,0.041854660599103734,0.01085370586209189,0.0,1.284505009651184,0.007101245691560676,7.8,0.024236153617775313,15.729999542236328,0.14,1.42,-0.10760025695912756
-0.030263664572749427,17.91415786743164,0.021556780595369363,0.06590377151320014,0.04582074505186107,0.0,1.2962603569030762,-0.10760025695912756,7.8,-0.01978940971629395,18.600000381469727,0.16,1.42,-0.016864991272524832
-0.003842780544941804,17.612035751342773,0.017960197033926262,0.06625906416735391,0.08920081512721345,0.0,1.2973533868789673,-0.016864991272524832,7.7,0.0028467166850427716,15.869999885559082,0.16,1.37,-0.08658968337882034
-0.02109999127406681,16.08701515197754,0.017595049796895523,0.0757295591205182,0.007101245691560676,0.0,1.3227688074111938,-0.08658968337882034,7.9,0.007068230956284616,18.020000457763672,0.16,1.53,-0.1440891633366843
-0.008478667798059503,13.769050598144531,0.01684061762098299,0.0859795132475723,-0.10760025695912756,0.0,1.3568336963653564,-0.1440891633366843,8.0,0.050428096466868855,14.279999732971191,0.14,1.75,-0.030933731618512872
-0.04992173047865511,13.343122482299805,0.020181404902574807,0.058637562683628436,-0.016864991272524832,0.0,1.3150973320007324,-0.030933731618512872,7.7,0.011060648765041536,15.510000228881836,0.15,1.64,0.008699419738497083
0.010838624697648402,13.459199905395508,0.015187472411246183,0.05902293704326496,-0.08658968337882034,0.0,1.2807868719100952,0.008699419738497083,7.5,0.03598772398287298,12.699999809265137,0.14,1.62,0.000270814258122698
-0.07687490212101367,13.462844848632812,0.01138808047576867,0.059111482010521195,-0.1440891633366843,0.0,1.3095861673355103,0.000270814258122698,7.6,0.018085767779890016,13.520000457763672,0.15,1.48,0.015696386493951664
-0.05406872587013445,13.674162864685059,0.013903888279197085,0.06353149557075018,-0.030933731618512872,0.0,1.3043931722640991,0.015696386493951664,7.5,0.020762811683057825,16.299999237060547,0.11,1.86,-0.11245718577088004
-0.12121207074327989,12.136404991149902,0.017157935271568725,0.06808158638091188,0.008699419738497083,0.0,1.3013039827346802,-0.11245718577088004,7.5,-0.014999301595580827,16.860000610351562,0.09,2.16,0.14122521215127248
0.07239742772585944,13.850371360778809,0.01885471805415806,0.08220197425744437,0.000270814258122698,0.0,1.3264886140823364,0.14122521215127248,7.3,0.04946207991308538,13.449999809265137,0.09,2.29,0.07665834869212751
0.06377624932553916,14.912117958068848,0.01538809488600279,0.08481640581896321,0.015696386493951664,0.0,1.3224014043807983,0.07665834869212751,7.2,-0.031298019479343964,17.010000228881836,0.08,2.39,-0.01502850160288538
-0.024546592938912926,14.688011169433594,0.010947341081747997,0.08608646721013487,-0.11245718577088004,0.0,1.349545955657959,-0.01502850160288538,7.2,0.029749523259195332,16.600000381469727,0.08,2.31,0.09638102688206396
-0.02807287898233668,16.103656768798828,0.00876799143491147,0.0909906691823366,0.14122521215127248,0.0,1.3724011182785034,0.09638102688206396,7.2,0.04459575276194472,13.75,0.09,2.26,0.06384211023772002
-0.05515261510010527,17.13174819946289,0.012328701961954458,0.09120325983312871,0.07665834869212751,0.0,1.359397530555725,0.06384211023772002,6.9,0.028049471367328715,13.699999809265137,0.08,2.47,0.01479218924133563
-0.0005823196190501978,17.385164260864258,0.015128383667573297,0.05627285969455169,-0.01502850160288538,0.0,1.3810056447982788,0.01479218924133563,6.7,0.023562791975445974,13.720000267028809,0.09,2.66,-0.1076967619702961
-0.007818203172379468,15.512838363647461,0.01557758795574915,0.07551634913223855,0.09638102688206396,0.0,1.3558770418167114,-0.1076967619702961,6.6,-0.035582905955811595,18.40999984741211,0.07,2.33,0.051218494085042865
0.06555926975944937,16.307382583618164,0.011204746347724948,0.07245141621297777,0.06384211023772002,0.0,1.3707455396652222,0.051218494085042865,6.7,0.0431170301781616,14.0,0.07,2.33,0.02605814311855359
-0.028757378006595724,16.732322692871094,0.016126949139408042,0.07071103311693655,0.01479218924133563,0.0,1.3752131462097168,0.02605814311855359,6.7,0.006932165418227054,13.880000114440918,0.08,2.29,0.09939680065878176
0.009505961461583112,18.395462036132812,0.02015125303606169,0.07133554706180503,-0.1076967619702961,0.0,1.3813681602478027,0.09939680065878176,6.2,0.006200789153414155,13.40999984741211,0.09,2.25,0.0727173565921373
-0.038592158800703436,19.733131408691406,0.02166947687079812,0.07239610122079462,0.051218494085042865,0.0,1.3634566068649292,0.0727173565921373,6.3,0.02103028007328045,11.399999618530273,0.09,2.11,0.033401431531347336
0.012540245522446813,20.39224624633789,0.020589816945944195,0.0722141400800448,0.02605814311855359,-0.1,1.3644425868988037,0.033401431531347336,6.1,0.019058331749470137,11.569999694824219,0.1,2.06,0.028731851084188076
0.015921046329937294,20.978153228759766,0.019742378703305974,0.029108528026744893,0.09939680065878176,-0.1,1.3396027088165283,0.028731851084188076,6.2,-0.015079830845342368,16.950000762939453,0.09,2.05,0.07217513438535872
0.0035120579321883394,22.49225425720215,0.017150983482969062,0.030242635803876417,0.0727173565921373,-0.1,1.313456416130066,0.07217513438535872,6.1,0.037655295579825276,12.09000015258789,0.09,1.87,-0.012183674952526702
-0.05856279823348376,22.218215942382812,0.016840509711232077,0.040092351244182096,0.033401431531347336,-0.2,1.269083857536316,-0.012183674952526702,5.9,-0.015513837249453988,16.309999465942383,0.09,1.94,0.07196011861879703
-0.032548553832352334,23.817041397094727,0.016095417021513292,0.03435414274754478,0.028731851084188076,-0.2,1.2613362073898315,0.07196011861879703,5.7,0.023201460667203078,14.029999732971191,0.09,1.85,0.10120366086652277
0.0035009612086160935,26.227413177490234,0.01231524989320798,0.04046419324156355,0.07217513438535872,-0.2,1.2437965869903564,0.10120366086652277,5.8,0.02453358864631494,13.329999923706055,0.09,1.71,-0.06786656522226697
0.00740305786561013,24.44744873046875,0.006531213919623191,0.06314353100534353,-0.012183674952526702,-0.2,1.2162047624588013,-0.06786656522226697,5.6,-0.004188587515997044,19.200000762939453,0.12,1.5,0.061424517597185924
0.07990537514580853,25.949121475219727,-0.002299309782054282,0.06417241638385039,0.07196011861879703,-0.2,1.1287955045700073,0.061424517597185924,5.7,-0.031040805838410623,20.969999313354492,0.11,1.21,0.09644917574390766
-0.017701730619989253,28.451892852783203,-0.0008703146293520536,0.06745527203444909,0.10120366086652277,-0.2,1.119795799255371,0.09644917574390766,5.5,0.0548925108906233,13.34000015258789,0.11,1.37,-0.027548862752837633
-0.028568405424540533,27.668075561523438,-0.00022031284423873476,0.07015369843260989,-0.06786656522226697,-0.2,1.0830246210098267,-0.027548862752837633,5.4,-0.017396107114219572,15.289999961853027,0.11,1.38,0.005786210433722738
-0.03081185220430005,27.828168869018555,-0.0010403098939391064,0.06918156027699199,0.061424517597185924,-0.2,1.1114321947097778,0.005786210433722738,5.4,0.008520819822535275,14.550000190734863,0.12,1.47,0.04099088586512312
0.005920162259357875,28.968870162963867,0.0003503321824429584,0.06027475584347404,0.09644917574390766,-0.2,1.0960345268249512,0.04099088586512312,5.6,0.010491382304589791,13.84000015258789,0.12,1.51,-0.03320595013270644
-0.015049625060232108,28.00693130493164,0.001795718097550525,0.05138037386867462,-0.027548862752837633,-0.2,1.122296690940857,-0.03320595013270644,5.3,-0.021011671979729973,18.229999542236328,0.13,1.71,-0.032926514832980036
-0.06538623609555061,27.084760665893555,0.0022568611104094582,0.05206301927681829,0.005786210433722738,-0.2,1.0939244031906128,-0.032926514832980036,5.2,0.019742029435184882,12.119999885559082,0.13,1.53,-0.07040407486788047
0.033518997491588376,25.17788314819336,0.002413037985344868,0.03826919719065773,0.04099088586512312,-0.2,1.1214030981063843,-0.07040407486788047,5.1,-0.06258081825586559,28.43000030517578,0.14,1.47,-0.017388785331907353
-0.01422762100856445,24.740070343017578,8.842961634170088e-05,0.03806880590080305,-0.03320595013270644,-0.2,1.1255937814712524,-0.017388785331907353,5.0,-0.026442831280001466,24.5,0.14,1.42,0.0834091824775447
0.023307933662034985,26.803619384765625,0.0012761656067050708,0.05645874322090643,-0.032926514832980036,-0.2,1.100897192955017,0.0834091824775447,5.0,0.08298311781266654,15.069999694824219,0.12,1.41,-0.01004197308212107
-0.027495034417091113,26.53445816040039,0.004363182169185187,0.051811630725416,-0.07040407486788047,-0.2,1.0583018064498901,-0.01004197308212107,5.1,0.0005048691103348713,16.1299991607666,0.12,1.27,-0.10641943204920057
-0.04487318475239588,23.710676193237305,0.006387247515364791,0.06447532356773046,-0.017388785331907353,-0.3,1.093398094177246,-0.10641943204920057,5.0,-0.017530185032692547,18.209999084472656,0.24,1.21,-0.07524247614253243
0.052909528437672826,21.926626205444336,0.012375025026943876,0.06766856556260312,0.0834091824775447,-0.3,1.0825908184051514,-0.07524247614253243,4.8,-0.0507353220469523,20.200000762939453,0.34,1.18,-0.0066772693177469256
0.10524901238843065,21.780216217041016,0.008472775790126619,0.06553093867390981,-0.01004197308212107,-0.3,1.0923947095870972,-0.0066772693177469256,4.9,-0.0041283603090035426,20.549999237060547,0.38,0.96,0.13332716238906972
0.0002430721710657835,24.684110641479492,0.008916160965521946,0.09144290529301785,-0.10641943204920057,-0.4,1.1334655284881592,0.13332716238906972,5.0,0.06599111444005845,13.949999809265137,0.36,1.05,-0.13992121365678367
0.044563281620435546,21.23027992248535,0.011726257503534843,0.09745107379092531,-0.07524247614253243,-0.4,1.1448328495025635,-0.13992121365678367,5.1,0.0026993982833325436,15.699999809265137,0.37,1.06,0.06528670360148126
0.007743274817477053,22.616334915161133,0.010784764621246223,0.10568459995664066,-0.0066772693177469256,-0.4,1.1148396730422974,0.06528670360148126,4.8,0.015324602525288444,14.1899995803833,0.37,0.97,-0.036830613065701234
0.014791949962415396,21.783361434936523,0.010792865347959424,0.09805894905678718,0.13332716238906972,-0.4,1.1128050088882446,-0.036830613065701234,4.9,0.0009109212401243738,15.630000114440918,0.38,0.91,0.09006260969611901
0.023209932508562403,23.745227813720703,0.008683633430518256,0.09928002527356175,-0.13992121365678367,-0.4,1.1168068647384644,0.09006260969611901,4.8,0.035609800753315435,11.869999885559082,0.39,0.79,0.018136145070525078
-0.03120828434835987,24.175874710083008,0.010553158595656864,0.09858378945883858,0.06528670360148126,-0.4,1.1153244972229004,0.018136145070525078,4.9,-0.0012192428990193127,13.420000076293945,0.4,0.78,0.07127647933301784
0.00489710329367532,25.899045944213867,0.015486446201652182,0.08711650569283275,-0.036830613065701234,-0.4,1.121956706047058,0.07127647933301784,5.0,-0.0012344511393173052,13.289999961853027,0.4,0.83,0.004334554204168395
-0.03182825498668318,26.011306762695312,0.01685924966243646,0.04826737779405728,0.09006260969611901,-0.4,1.0984665155410767,0.004334554204168395,4.9,-0.01942567890903446,17.059999465942383,0.4,0.98,-0.02659858729835618
-0.079197759474538,25.319442749023438,0.016843334719788938,0.05135766648871355,0.018136145070525078,-0.4,1.0648492574691772,-0.02659858729835618,4.7,0.034174521829295035,13.329999923706055,0.41,1.26,0.05333544763414255
-0.017765671302238273,26.66986656188965,0.020507989115119862,0.04405260015313623,0.07127647933301784,-0.4,1.0520004034042358,0.05333544763414255,4.7,0.01820076244186586,14.039999961853027,0.54,1.25,0.04774653176559496
0.037028341435971335,27.943260192871094,0.025103933482571117,0.03617460413145991,0.004334554204168395,-0.4,1.0708587169647217,0.04774653176559496,4.7,0.01788435819838252,11.989999771118164,0.65,1.26,0.1288832268191349
0.05032555674080297,31.544677734375,0.028103616813294208,0.05398235892588498,-0.02659858729835618,-0.4,1.0584250688552856,0.1288832268191349,4.6,0.03719816006681631,12.920000076293945,0.66,1.14,0.053236642558065705
-0.004231140716199788,33.2240104675293,0.0244119623655914,0.05281592588165323,0.05333544763414255,-0.4,1.0687072277069092,0.053236642558065705,4.4,-0.0003891971352694146,12.369999885559082,0.79,1.13,-6.980902982101078e-05
0.015072497411890318,33.2216911315918,0.02176223471915395,0.05349519956937057,0.04774653176559496,-0.4,1.0907504558563232,-6.980902982101078e-05,4.4,0.009091208748854607,10.819999694824219,0.9,1.01,0.06341800833564237
0.0046599988372419965,35.32854461669922,0.018563431667619756,0.041412848778315726,0.1288832268191349,-0.4,1.117168664932251,0.06341800833564237,4.4,0.011576251246328662,10.40999984741211,0.91,0.93,-0.05332222746034354
-0.024606956625884413,33.44474792480469,0.01640565809959127,0.06164166511061515,0.053236642558065705,-0.4,1.144164800643921,-0.05332222746034354,4.3,0.004813775207812565,11.180000305175781,1.04,0.93,0.032703533797024065
0.020875332822895,34.538509368896484,0.017251073506566073,0.061568578150030306,-6.980902982101078e-05,-0.4,1.1747292280197144,0.032703533797024065,4.3,0.019348826001101882,10.260000228881836,1.15,0.96,0.10266904482551098
0.03915993726669087,38.08454513549805,0.0192812155729698,0.05428390665785341,0.06341800833564237,-0.4,1.1893434524536133,0.10266904482551098,4.4,0.000546433019853243,10.59000015258789,1.16,0.79,-0.056553249392631066
-0.02636373838259154,35.93074035644531,0.021805652303711787,0.06380948400839999,-0.05332222746034354,-0.4,1.1741636991500854,-0.056553249392631066,4.3,0.019302978562167672,9.510000228881836,1.15,0.86,0.09680765361351518
-0.001789401991684536,39.40911102294922,0.02020757753132485,0.0711290731912829,0.032703533797024065,-0.4,1.1652703285217285,0.09680765361351518,4.2,0.02218813506615125,10.180000305175781,1.15,0.78,0.016623395027443033
-0.004695823844734881,40.06422424316406,0.02172493864295566,0.06940202361704599,0.10266904482551098,-0.4,1.18519926071167,0.016623395027443033,4.2,0.028082627806563343,11.279999732971191,1.16,0.64,-0.011705867768311728
0.025997564346263102,39.595237731933594,0.021299307195522532,0.0619049114114563,-0.056553249392631066,-0.4,1.2000048160552979,-0.011705867768311728,4.1,0.009831630594270502,11.039999961853027,1.3,0.51,-0.01063628903237046
0.025032496325182008,39.17409133911133,0.02151318868063945,0.06403108431422329,0.09680765361351518,-0.4,1.2409565448760986,-0.01063628903237046,4.0,0.05617870412552817,13.539999961853027,1.41,0.58,0.0638475846295734
-0.0175504107542942,41.675262451171875,0.02263468931091861,0.055784928484056404,0.016623395027443033,-0.4,1.2230321168899536,0.0638475846295734,4.1,-0.0389473718793677,19.850000381469727,1.42,0.62,-0.054210465614393466
0.005549257946123154,39.4160270690918,0.023309497646499366,0.055177080047787354,-0.011705867768311728,-0.4,1.2331976890563965,-0.054210465614393466,4.0,-0.02688449860055664,19.969999313354492,1.51,0.47,-0.015019440754693192
-0.007252743213645774,38.82402038574219,0.024709963021052994,0.03936198288546561,-0.01063628903237046,-0.4,1.2122827768325806,-0.015019440754693192,4.0,0.0027187749953683227,15.930000305175781,1.69,0.46,0.1307632613325651
-0.009980264307269837,43.90077590942383,0.02781921607842497,0.06755821531800962,0.0638475846295734,-0.4,1.1667250394821167,0.1307632613325651,3.8,0.0216083418545836,15.430000305175781,1.7,0.43,-0.005598295147208665
-0.037535518555654956,43.655006408691406,0.028075506935940187,0.06708037939119553,-0.054210465614393466,-0.4,1.1704941987991333,-0.005598295147208665,4.0,0.00484243626760783,16.09000015258789,1.82,0.33,0.027983384682387147
-0.015583794442303733,44.87662124633789,0.02854124785561929,0.06559753083694919,-0.015019440754693192,-0.4,1.1707408428192139,0.027983384682387147,3.8,0.03602155617289915,12.829999923706055,1.91,0.29,0.19622663353886471
-0.02557232998457981,53.68260955810547,0.026429238568742575,0.09643907957092276,0.1307632613325651,-0.4,1.1664663553237915,0.19622663353886471,3.8,0.030263211276748248,12.859999656677246,1.91,0.24,-0.004824987951742132
-0.007331540839906392,53.42359161376953,0.02332055105808828,0.08782801284761377,-0.005598295147208665,-0.4,1.162304162979126,-0.004824987951742132,3.7,0.0042942874264617625,12.119999885559082,1.95,0.24,-0.03047746773684268
0.01745702797156956,51.79537582397461,0.02492032470218053,0.09047677118132746,0.027983384682387147,-0.4,1.1346358060836792,-0.03047746773684268,3.8,-0.0694033560936963,21.229999542236328,2.19,0.28,-0.1840444217702556
0.006516457993535951,42.262725830078125,0.02147328577667773,0.12177332884883929,0.19622663353886471,-0.4,1.1392766237258911,-0.1840444217702556,3.8,0.01785935665477978,18.06999969482422,2.2,0.21,-0.11361648969394134
0.04761522699656795,37.46098327636719,0.020023809043401064,0.13042235915758238,-0.004824987951742132,-0.4,1.1439945697784424,-0.11361648969394134,3.9,-0.09177689467997252,25.420000076293945,2.27,0.21,0.05515382011638903
0.03238668603799488,39.527099609375,0.014875893578291333,0.13279363896749116,-0.03047746773684268,-0.4,1.1487650871276855,0.05515382011638903,4.0,0.07868440166582613,16.56999969482422,2.4,0.18,0.040314744785457934
-0.005228387208488505,41.12062454223633,0.015188615351321877,0.09273597446660242,-0.1840444217702556,-0.4,1.1380189657211304,0.040314744785457934,3.8,0.029728889343927145,14.779999732971191,2.4,0.21,0.10173082765706276
-0.015082303543330622,45.30385971069336,0.018831863513063984,0.10942468892710215,-0.11361648969394134,-0.4,1.1233052015304565,0.10173082765706276,3.8,0.01792425624958849,13.710000038146973,2.41,0.14,0.05643578487445611
-0.007888593327049498,47.860618591308594,0.020005834702090608,0.11371841832910216,0.05515382011638903,-0.4,1.1185182332992554,0.05643578487445611,3.7,0.03931349831373798,13.119999885559082,2.42,0.24,-0.1275723169100491
0.01792952847250917,41.75492858886719,0.017959105553606136,0.09732313775435815,0.040314744785457934,-0.4,1.1131147146224976,-0.1275723169100491,3.6,-0.0657777313668354,18.709999084472656,2.39,0.19,0.13487232185045528
0.07956800310812806,47.386512756347656,0.01671194894390049,0.09090518060828694,0.10173082765706276,-0.4,1.1390948295593262,0.13487232185045528,3.6,0.0689301639982407,15.079999923706055,2.38,0.25,0.07639487397048317
0.011633698646601465,51.00659942626953,0.01826331335037068,0.09185889438420887,0.05643578487445611,-0.4,1.1157974004745483,0.07639487397048317,3.7,0.013128152166957952,16.1200008392334,2.4,0.13,-0.020184018127489267
0.06521281929185174,49.977081298828125,0.017376412106666406,0.09597168264389941,-0.1275723169100491,-0.4,1.1012003421783447,-0.020184018127489267,3.6,-0.018091627240523933,18.979999542236328,2.13,0.0,0.0770381046243731
-0.004922837434499949,53.82722091674805,0.016844977040391562,0.09312519817008423,0.13487232185045528,-0.5,1.0942714214324951,0.0770381046243731,3.5,0.017181177931020697,16.239999771118164,2.04,0.05,0.11068437558090682
-0.00014664313583645505,59.78505325317383,0.017339736996186295,0.09836159063136683,0.07639487397048317,-0.5,1.1154489517211914,0.11068437558090682,3.6,0.020431770513684056,13.220000267028809,1.83,0.17,0.07432907233166208
-0.03030306212009004,64.22882080078125,0.020922903948629168,0.0527692691316539,-0.020184018127489267,-0.5,1.1019999980926514,0.07432907233166208,3.6,0.034047037714499906,12.619999885559082,1.55,0.17,0.10208241275271424
0.03242871201075781,70.78545379638672,0.023195274699624457,0.04674784942686086,0.0770381046243731,-0.5,1.120229721069336,0.10208241275271424,3.6,0.02858981890573009,13.779999732971191,1.55,0.34,0.0540101838857141
0.04611146748838335,74.60858917236328,0.02599767976845202,0.047033280662704666,0.11068437558090682,-0.5,1.1029127836227417,0.0540101838857141,3.6,-0.0016280928190489652,18.84000015258789,1.55,0.18,-0.1167980029239919
-0.011876965404106432,65.89445495605469,0.023413166797595197,0.08432732339630769,0.07432907233166208,-0.5,1.1030004024505615,-0.1167980029239919,3.5,-0.08411048363840312,40.11000061035156,1.58,0.27,-0.0675535532466558
0.031742691487708585,61.443050384521484,0.014940399642909163,0.09510382612729683,0.10208241275271424,-0.5,1.1030466556549072,-0.0675535532466558,4.4,-0.12511928240892822,53.540000915527344,0.65,0.47,0.1553738338790509
0.043656879038482144,70.98969268798828,0.003130472940411133,0.10435107759142509,0.0540101838857141,-0.5,1.087725043296814,0.1553738338790509,14.8,0.1268440381652789,34.150001525878906,0.05,0.44,0.08216460369051926
0.03129086496263023,76.8225326538086,0.001982013035848551,0.10501007129416655,-0.1167980029239919,-0.5,1.1110000610351562,0.08216460369051926,13.2,0.04528181966555822,27.510000228881836,0.05,0.49,0.15049244320573774
0.03229890885911102,88.38374328613281,0.007166562831830481,0.11277860437592668,-0.0675535532466558,-0.5,1.1247202157974243,0.15049244320573774,11.0,0.01838839651392421,30.43000030517578,0.08,0.5,0.1651315009175085
0.09470164463364483,102.97868347167969,0.009968647625897997,0.1235665464037528,0.1553738338790509,-0.5,1.1872254610061646,0.1651315009175085,10.2,0.055101321480443666,24.459999084472656,0.09,0.44,0.2143799107724309
0.002445448664359917,125.05524444580078,0.012810698495523853,0.09966607039319016,0.08216460369051926,-0.5,1.1918240785598755,0.2143799107724309,8.4,0.07006466690171775,26.40999984741211,0.1,0.58,-0.10090834488981038
-0.040709481896636146,112.43612670898438,0.013910228912373812,0.11214533006688923,0.15049244320573774,-0.5,1.1742050647735596,-0.10090834488981038,7.8,-0.039227970178423055,26.3700008392334,0.09,0.56,-0.060012099968867916
-0.005350980442880848,105.6885986328125,0.012303863428671624,0.1284310249604454,0.1651315009175085,-0.5,1.1676785945892334,-0.060012099968867916,6.9,-0.027665786221379718,38.02000045776367,0.09,0.74,0.09360659955347717
0.00379230894621152,115.58174896240234,0.011757452138405844,0.12863975673328754,0.2143799107724309,-0.5,1.1971460580825806,0.09360659955347717,6.7,0.10754563544385909,20.56999969482422,0.09,0.68,0.11649647767973814
0.004553027617296701,129.04661560058594,0.013204191315779434,0.12547108498627382,-0.10090834488981038,-0.5,1.2299896478652954,0.11649647767973814,6.7,0.03712145909357001,22.75,0.09,0.8,-0.005501466856816295
-0.02419308401482434,128.336669921875,0.013738437137002402,0.1191699040030873,-0.060012099968867916,-0.5,1.213900089263916,-0.005501466856816295,6.4,-0.011136660755445171,33.09000015258789,0.09,1.0,-0.08108495967979734
-0.06452664434118571,117.93049621582031,0.016698167791706853,0.09218398326939028,0.09360659955347717,-0.5,1.2073606252670288,-0.08108495967979734,6.2,0.026091451377448394,27.950000762939453,0.08,1.3,0.0088447037552144
-0.008274941820402448,118.97355651855469,0.026678187820641908,0.07968179228082099,0.11649647767973814,-0.5,1.1723604202270508,0.0088447037552144,6.1,0.042438632533165155,19.399999618530273,0.07,1.58,0.07621791880032602
0.031217177311076982,128.04147338867188,0.04133077115360573,0.07426328299768828,-0.005501466856816295,-0.5,1.2127091884613037,0.07621791880032602,6.1,0.05242532134755851,18.610000610351562,0.07,1.49,-0.052107199744116706
0.07650084730180629,121.36959075927734,0.04918257089467626,0.07499379755996562,-0.08108495967979734,-0.5,1.2190067768096924,-0.052107199744116706,5.8,0.00548648867060697,16.760000228881836,0.06,1.44,0.10097632314998184
-0.06922467867115634,133.6250457763672,0.05295632620349999,0.07075340035849173,0.0088447037552144,-0.5,1.1901928186416626,0.10097632314998184,5.9,0.022214009565834747,15.829999923706055,0.08,1.2,0.06498215022042886
0.023605108202631175,142.30828857421875,0.05245169381309234,0.07386783538209026,0.07621791880032602,-0.5,1.1867802143096924,0.06498215022042886,5.4,0.02274805482838871,18.239999771118164,0.1,1.05,0.04092988056591684
-0.011607564143653382,148.13294982910156,0.05152015301793966,0.05497127758349166,-0.052107199744116706,-0.5,1.1796904802322388,0.04092988056591684,5.1,0.028990416255438634,16.479999542236328,0.09,1.1,-0.06664042724994668
-0.020239374705398938,138.2613067626953,0.05351215590949132,0.07008157631083772,0.10097632314998184,-0.5,1.1601601839065552,-0.06664042724994668,4.7,-0.047569168801901096,23.139999389648438,0.08,1.24,0.05865727236217522
0.01578074995803025,146.371337890625,0.06235042390298062,0.06796959092251208,0.06498215022042886,-0.5,1.156136155128479,0.05865727236217522,4.5,0.0691438364006065,16.260000228881836,0.08,1.07,0.10347119944223615
-0.005272027153147785,161.5165557861328,0.06901970403700863,0.062359414695185494,0.04092988056591684,-0.5,1.1293437480926514,0.10347119944223615,4.1,-0.008333706184746159,27.190000534057617,0.08,0.91,0.07579666568699217
0.03039018107578384,173.75897216796875,0.07174340285065539,0.05903328194498077,-0.06664042724994668,-0.5,1.132502794265747,0.07579666568699217,3.9,0.04361291346206486,17.219999313354492,0.08,0.79,-0.01571218465773072
-0.017783857729138153,171.02883911132812,0.07558805726967832,0.06295973483806735,0.05865727236217522,-0.5,1.1152374744415283,-0.01571218465773072,4.0,-0.052585165027393854,24.829999923706055,0.08,0.61,-0.055269523807994325
0.0581615734897285,161.57615661621094,0.07937278766517819,0.07205255966230545,0.10347119944223615,-0.5,1.118105411529541,-0.055269523807994325,3.9,-0.031360491945908286,30.149999618530273,0.08,0.39,0.05882073518364006
0.02621876704101611,171.08018493652344,0.08572204966013852,0.060263855668696346,0.07579666568699217,-0.5,1.1161835193634033,0.05882073518364006,3.7,0.03577328837154625,20.559999465942383,0.2,0.04,-0.09713089945148512
-0.020469886796252945,154.4630126953125,0.08231750770777224,0.07978872173743257,-0.01571218465773072,-0.5,1.0546298027038574,-0.09713089945148512,3.7,-0.08795671180434306,33.400001525878906,0.33,0.19,-0.05588316298668916
-0.02164920593880726,145.8311309814453,0.08538171195642064,0.06889489161639584,-0.055269523807994325,-0.5,1.0773539543151855,-0.05588316298668916,3.6,5.317770464463578e-05,26.190000534057617,0.77,0.32,-0.08008024116714652
-0.03418973899562017,134.15293884277344,0.08979361103105798,0.05604753574436298,0.05882073518364006,-0.5,1.04465913772583,-0.08008024116714652,3.6,-0.08391999993382682,28.709999084472656,1.21,0.06,0.18863396963118206
-0.022836844814264845,159.458740234375,0.08462576727730098,0.1102620806582214,-0.09713089945148512,0.0,1.022704005241394,0.18863396963118206,3.5,0.09111639173021002,21.329999923706055,1.68,-0.22,-0.03255202153280368
-0.028419067951734434,154.26803588867188,0.08222579178218825,0.10864374460557666,-0.05588316298668916,0.0,1.0025062561035156,-0.03255202153280368,3.6,-0.04244012827299837,25.8700008392334,2.33,-0.3,-0.11975576922506281
-0.02942551551685535,135.79354858398438,0.08192106896425821,0.11269524237931039,-0.08008024116714652,0.75,0.9829555749893188,-0.11975576922506281,3.5,-0.09339567201327437,31.6200008392334,2.56,-0.39,0.10955117476907916
-0.015940808235575088,150.66989135742188,0.07758813957693,0.1204198527035332,0.18863396963118206,0.75,0.9955002665519714,0.10955117476907916,3.6,0.0798634138370089,25.8799991607666,3.08,-0.41,-0.03462887807158421
0.06730238641898212,145.45236206054688,0.07122856456533988,0.1186890114345662,-0.03255202153280368,1.5,1.0324499607086182,-0.03462887807158421,3.6,0.053752893352493114,20.579999923706055,3.78,-0.7,-0.12081669965253117
0.042210739502792194,127.87928771972656,0.06404600402357152,0.12551166351119866,-0.11975576922506281,2.0,1.0728462934494019,-0.12081669965253117,3.5,-0.05897147407473047,21.670000076293945,4.1,-0.53,0.11052111775428708
0.0008155357670653895,142.0126495361328,0.06327178517960097,0.10404995082111664,0.10955117476907916,2.0,1.0850694179534912,0.11052111775428708,3.5,0.0617528578346791,19.399999618530273,4.33,-0.69,0.021623323925659355
0.004236827758631545,145.08343505859375,0.05957820738137087,0.10453144810240071,-0.03462887807158421,2.5,1.0611205101013184,0.021623323925659355,3.6,-0.02611249393181858,20.700000762939453,4.57,-0.89,0.1203567914307122
0.0766034084508378,162.5452117919922,0.04917719362889961,0.09782754194087308,-0.12081669965253117,3.0,1.0904649496078491,0.1203567914307122,3.5,0.03505161257710898,18.700000762939453,4.65,-0.58,0.028987108548431006
0.010716087143695985,167.25692749023438,0.049500798791243694,0.09072654852259143,0.11052111775428708,3.0,1.1128422021865845,0.028987108548431006,3.4,0.014642341662481018,15.779999732971191,4.83,-0.6,0.04461339159866262
-0.013165143205512098,174.7188262939453,0.04131851231385042,0.08668548602147284,0.021623323925659355,3.25,1.073306918144226,0.04461339159866262,3.6,0.002482347368192972,17.940000534057617,5.06,-0.76,0.09584377731624993
-0.02179339492645227,191.46453857421875,0.03070617072997095,0.04361622945036725,0.1203567914307122,3.5,1.0868029594421387,0.09584377731624993,3.6,0.06472746490423464,13.59000015258789,5.08,-1.06,0.012785408142609533
0.025714447473768498,193.91249084472656,0.03287749268428297,0.04385148349745776,0.028987108548431006,3.5,1.1024264097213745,0.012785408142609533,3.5,0.031138932355010862,13.630000114440918,5.12,-0.91,-0.043675253766274125
-0.0163918035159224,185.4433135986328,0.03722504803505289,0.05899302489171092,0.04461339159866262,3.75,1.0932546854019165,-0.043675253766274125,3.7,-0.017716390070854016,13.569999694824219,5.33,-0.76,-0.08744765684597156
-0.046486419283759295,169.2267303466797,0.03687206638119256,0.06526776675804129,0.09584377731624993,4.0,1.0587612390518188,-0.08744765684597156,3.7,-0.048719367465624885,17.520000457763672,5.33,-0.44,-0.002569870292827847
0.04250440978266656,168.79183959960938,0.032512659098611785,0.06455598600596181,0.012785408142609533,4.0,1.061503529548645,-0.002569870292827847,3.9,-0.02197968873798295,18.139999389648438,5.33,-0.19,0.11231463697784716
0.0578452048780862,187.7496337890625,0.031333462745911866,0.07779011247677636,-0.043675253766274125,4.0,1.0973695516586304,0.11231463697784716,3.7,0.08917926878197013,12.920000076293945,5.33,-0.36,0.014917882766759094
0.011922833545408684,190.5504608154297,0.033159099427102934,0.06716419338567976,-0.08744765684597156,4.0,1.1055831909179688,0.014917882766759094,3.8,0.04422923115636013,12.449999809265137,5.33,-0.35,-0.042227145203983185
-0.006788208234537851,182.50405883789062,0.030883429864855705,0.06897303843400193,-0.002569870292827847,4.0,1.08433997631073,-0.042227145203983185,3.7,0.015895707598991615,14.350000381469727,5.33,-0.28,-0.019794013437134272
-0.0013180781588525425,178.89157104492188,0.03157074141648697,0.06717617872631167,0.11231463697784716,4.0,1.0838816165924072,-0.019794013437134272,3.9,0.05172064062372317,13.399999618530273,5.33,-0.39,-0.050075751643787636
0.08393212849886278,169.93344116210938,0.034868349120836584,0.05916067021529298,0.014917882766759094,4.0,1.0801469087600708,-0.050075751643787636,3.9,0.031018779915342964,13.010000228881836,5.33,-0.39,-0.006706170682706736
0.033372419617130555,168.79383850097656,0.033607951262196734,0.05924992273520032,-0.042227145203983185,4.0,1.0715701580047607,-0.006706170682706736,3.9,-0.04161507173789869,15.649999618530273,5.33,-0.35,0.1286913402216745
0.013747054788550983,190.51614379882812,0.03244278584003113,0.06543536538485013,-0.019794013437134272,4.0,1.0835410356521606,0.1286913402216745,3.9,0.0480211901511991,12.920000076293945,5.33,-0.38,0.09703855605299716
0.0020664036462707536,209.00355529785156,0.029702579486470926,0.07589449715435236,-0.050075751643787636,3.75,1.0721560716629028,0.09703855605299716,4.1,0.03466980128308328,12.4399995803833,5.33,-0.35,0.0544108210862948
0.04244535416963191,220.3756103515625,0.029414757935583014,0.07067729442792249,-0.006706170682706736,3.75,1.0816072225570679,0.0544108210862948,4.2,0.011321316887868749,16.360000610351562,5.33,-0.2,0.031159970797372427
0.027735441511693715,227.2425079345703,0.02607144490692037,0.06582604890887442,0.1286913402216745,3.75,1.1061947345733643,0.031159970797372427,4.2,0.022834706936630367,15.0,5.33,0.0,0.018644941284459815
0.03606339510925771,231.47943115234375,0.024264830315416708,0.05077021223332895,0.09703855605299716,3.5,1.1169815063476562,0.018644941284459815,4.1,0.020196884090601275,16.729999542236328,5.13,0.15,-0.030429190422614383
0.059822352829202785,224.43569946289062,0.02578844053871343,0.05697597780059127,0.0544108210862948,3.25,1.0859178304672241,-0.030429190422614383,4.1,-0.009896743303151712,23.15999984741211,4.83,0.12,0.05055111227988918
-0.02968997092298853,235.7811737060547,0.02719472461284833,0.0424477149875809,0.031159970797372427,3.25,1.0580891370773315,0.05055111227988918,4.2,0.057301295482098835,13.510000228881836,4.64,0.05,0.05631615784335575
0.024304103198067528,249.05946350097656,0.028706909675099812,0.03314415564255497,0.018644941284459815,3.0,1.040615200996399,0.05631615784335575,4.1,-0.02499013704848363,17.350000381469727,4.48,0.33,-0.05758327487059012
0.033408583015622995,234.71780395507812,0.029909783078999608,0.04582920158463801,-0.030429190422614383,3.0,1.0397279262542725,-0.05758327487059012,4.0,0.0270163042404441,16.43000030517578,4.33,0.36,0.024745772231838492
0.008640017361111196,240.5260772705078,0.028015834477613355,0.04534959775209966,0.05055111227988918,2.75,1.039511799812317,0.024745772231838492,4.2,-0.014242092699825126,19.6299991607666,4.33,0.25,-0.08049029896815463
0.10081782116372495,221.1660614013672,0.02381981462805549,0.05802228302272927,0.05631615784335575,2.5,1.082391619682312,-0.08049029896815463,4.2,-0.05754469768137538,22.280000686645508,4.33,0.34,-0.04335299457257069
0.058345058384461135,211.57785034179688,0.0232538823025783,0.0593291111993261,-0.05758327487059012,2.25,1.1389262676239014,-0.04335299457257069,4.2,-0.007624943346289825,24.700000762939453,4.33,0.57,-0.05482351536128105
-0.004871436507186133,199.97840881347656,0.023772651073680873,0.05375795900894249,0.024745772231838492,2.25,1.1350737810134888,-0.05482351536128105,4.3,0.06152382614078289,18.56999969482422,4.33,0.52,0.022848154460034298
0.0006781366270036671,204.54754638671875,0.02680453865910226,0.044457070422190055,-0.08049029896815463,2.0,1.1727453470230103,0.022848154460034298,4.1,0.049606839467715824,16.729999542236328,4.33,0.52,0.0116976749668114
0.0006288798071716339,206.94027709960938,0.02742618052167134,0.04529887825860262,-0.04335299457257069,2.0,1.1429355144500732,0.0116976749668114,4.3,0.0216665625306407,16.719999313354492,4.33,0.43,0.11836967275862231
0.054809912145106665,231.43572998046875,0.029385917430316155,0.0720048883908141,-0.05482351536128105,2.0,1.1686338186264038,0.11836967275862231,4.3,0.019066444295036122,15.359999656677246,4.33,0.64,0.09812603000704412
0.10567985226599852,254.14559936523438,0.030225715847133294,0.07111884667101004,0.022848154460034298,2.0,1.1731443405151367,0.09812603000704412,4.4,0.035323687218701494,16.280000686645508,4.22,0.56,0.061815166304167946
0.03681522092952827,269.85565185546875,0.027291362382022122,0.06329115205840628,0.0116976749668114,2.0,1.157246708869934,0.061815166304167946,4.43,0.0226868719049238,17.440000534057617,4.09,0.51,0.031364424385052825
0.05928879925935049,278.31951904296875,0.026964439164939513,0.04325686678053057,0.11836967275862231,2.0,1.15968918800354,0.031364424385052825,4.5,0.0012996181666717899,16.350000381469727,3.88,0.55,-0.024122217892287856
0.025436857961000037,271.6058349609375,0.02653304114557753,0.05373513061322194,0.09812603000704412,2.0,1.1747292280197144,-0.024122217892287856,4.4,-0.0005241344225139777,14.949999809265137,3.72,0.71,-0.01987949709807396
