desempleo,vix,petroleo_return,activo_return,media_movil_6m,tipos_ecb,inflation_eu,volatilidad_3m,eurusd,sp500_return,tipos_fed,curva10Y2Y,inflacion_usa,target,tipos_fed_lag1,tipos_fed_lag3,tipos_fed_lag6,inflacion_usa_lag1,inflacion_usa_lag3,inflacion_usa_lag6,vix_lag1,vix_lag2,vix_lag3,desempleo_lag1,desempleo_lag3,curva10Y2Y_lag1,curva10Y2Y_lag3
5.7,18.309999465942383,0.06938509111933211,0.06456656012978934,16.329903443654377,1.0,0.020224719101123778,0.06261611387507174,1.2590018510818481,0.05076554077889206,0.98,2.43,0.020352035203520247,0.010230399620628772,0.9808999999999999,0.98,0.98,0.02034802275408254,0.020352035203520247,0.020352035203520247,18.23439945220947,18.309999465942383,18.309999465942383,5.699999999999999,5.700000000000001,2.42505,2.43
5.7,16.6299991607666,0.016297625210221822,0.010230399620628772,16.472073078155518,1.0,0.018467962100529922,0.038945276388352205,1.2452058792114258,0.017276386950755285,1.0,2.32,0.020262869660460092,-0.040506071782096864,0.98,0.98,0.98,0.020352035203520247,0.020352035203520247,0.020352035203520247,18.309999465942383,18.23439945220947,18.309999465942383,5.7,5.700000000000001,2.43,2.43
5.6,14.550000190734863,0.031216633834876717,-0.040506071782096864,16.488259156545002,1.0,0.01679462571976953,0.052546591780006,1.253007173538208,0.01220897373761054,1.01,2.33,0.01688453159041381,-0.06030929444324462,1.0,0.9808999999999999,0.98,0.020262869660460092,0.02034802275408254,0.020352035203520247,16.6299991607666,18.309999465942383,18.23439945220947,5.7,5.699999999999999,2.32,2.42505
5.8,16.739999771118164,0.04924311048905716,-0.06030929444324462,16.210047721862793,1.0,0.017334605597964403,0.03638270101021322,1.231299638748169,-0.01635891961786684,1.0,2.26,0.017400761283306032,0.04813481608412262,1.01,0.98,0.98,0.01688453159041381,0.020352035203520247,0.020352035203520247,14.550000190734863,16.6299991607666,18.309999465942383,5.6,5.7,2.33,2.43
5.6,17.190000534057617,0.04530209235514793,0.04813481608412262,16.2239670753479,1.0,0.020959034614163263,0.05774873698121099,1.198293685913086,-0.016790751960348183,1.0,2.22,0.022925764192139875,0.0038267694119151763,1.0,1.0,0.98,0.017400761283306032,0.020262869660460092,0.020352035203520247,16.739999771118164,14.550000190734863,16.6299991607666,5.8,5.7,2.26,2.32
5.6,15.5,0.06688068294713001,0.0038267694119151763,16.277255217234295,1.0,0.024785510009532885,0.05452333261215097,1.2198989391326904,0.01208345009735412,1.0,2.12,0.028977583378895444,0.08882935386522917,1.0,1.01,0.9808999999999999,0.022925764192139875,0.01688453159041381,0.02034802275408254,17.190000534057617,16.739999771118164,14.550000190734863,5.6,5.6,2.22,2.33
5.6,14.34000015258789,-0.07096293267949094,0.08882935386522917,16.399200916290283,1.0,0.024119327197715146,0.04251409132838034,1.218397855758667,0.017988998771432563,1.03,1.92,0.03167667941015839,-0.0024507349380761267,1.0,1.0,0.98,0.028977583378895444,0.017400761283306032,0.020352035203520247,15.5,17.190000534057617,16.739999771118164,5.6,5.8,2.12,2.26
5.5,15.319999694824219,0.1821862385694215,-0.0024507349380761267,16.48528019587199,1.0,0.023521932612841745,0.05098513024491589,1.2016053199768066,-0.034290519520026264,1.26,1.82,0.02939575394665228,-0.041769095007296864,1.03,1.0,1.0,0.03167667941015839,0.022925764192139875,0.020262869660460092,14.34000015258789,15.5,17.190000534057617,5.6,5.6,1.92,2.22
5.4,15.289999961853027,0.048619637225767454,-0.041769095007296864,16.56418530146281,1.0,0.023960647413519442,0.06699992897804939,1.2178043127059937,0.0022873503233691306,1.43,1.72,0.025474254742547275,0.015808504403125534,1.26,1.0,1.01,0.02939575394665228,0.028977583378895444,0.01688453159041381,15.319999694824219,14.34000015258789,15.5,5.5,5.6,1.82,2.12
5.4,13.34000015258789,0.08078591980016814,0.015808504403125534,16.851277987162273,1.0,0.021505376344086002,0.0294236673833589,1.2433944940567017,0.009363875526838816,1.61,1.51,0.025391680172879516,0.01157359270435121,1.43,1.03,1.0,0.025474254742547275,0.03167667941015839,0.017400761283306032,15.289999961853027,15.319999694824219,14.34000015258789,5.4,5.6,1.72,1.92
5.5,16.270000457763672,0.04270747296437016,0.01157359270435121,17.048289616902668,1.0,0.023839595832017446,0.03208986538682132,1.283202886581421,0.014014243690939843,1.76,1.49,0.03190914007571655,-0.0414733411492908,1.61,1.26,1.0,0.025391680172879516,0.02939575394665228,0.022925764192139875,13.34000015258789,15.289999961853027,15.319999694824219,5.4,5.5,1.51,1.82
5.4,13.239999771118164,-0.0508113859873105,-0.0414733411492908,17.11583073933919,1.0,0.022885101010100994,0.031919485945787474,1.3298048973083496,0.03859493629597055,1.93,1.34,0.03621621621621607,0.11079912039615158,1.76,1.43,1.0,0.03190914007571655,0.025474254742547275,0.028977583378895444,16.270000457763672,13.34000015258789,15.289999961853027,5.5,5.4,1.49,1.72
5.4,13.289999961853027,-0.11561164627903975,0.11079912039615158,17.249908765157063,1.0,0.02344241661422264,0.07729444253642165,1.3565024137496948,0.03245821284320516,2.16,1.16,0.033423180592991875,-0.016466912100339792,1.93,1.61,1.03,0.03621621621621607,0.025391680172879516,0.03167667941015839,13.239999771118164,16.270000457763672,13.34000015258789,5.4,5.4,1.34,1.51
5.3,12.819999694824219,0.10932105676857651,-0.016466912100339792,17.340757687886555,1.0,0.01939451277199633,0.08165870750292181,1.305193305015564,-0.025290467442294018,2.28,0.85,0.028448738593666034,-0.042618102991927365,2.16,1.76,1.26,0.033423180592991875,0.03190914007571655,0.02939575394665228,13.289999961853027,13.239999771118164,16.270000457763672,5.4,5.5,1.16,1.49
5.4,12.079999923706055,0.07365143528773777,-0.042618102991927365,17.425256093343098,1.0,0.020764511562057608,0.08207453141764294,1.3217023611068726,0.018903346132113308,2.5,0.77,0.030530262453133394,-0.03638390331097863,2.28,1.93,1.43,0.028448738593666034,0.03621621621621607,0.025474254742547275,12.819999694824219,13.289999961853027,13.239999771118164,5.3,5.4,0.85,1.34
5.2,14.020000457763672,0.07053143045176635,-0.03638390331097863,17.36066722869873,1.0,0.02188525871502267,0.013659164015383198,1.2966973781585693,-0.01911765556028966,2.63,0.7,0.032068412613575736,0.046751543771596404,2.5,2.16,1.61,0.030530262453133394,0.033423180592991875,0.025391680172879516,12.079999923706055,12.819999694824219,13.289999961853027,5.4,5.4,0.77,1.16
5.2,15.3100004196167,-0.1025270784969653,0.046751543771596404,17.393027941385906,1.0,0.02083981337480556,0.0498953931906854,1.292306900024414,-0.020108582083263493,2.79,0.55,0.03361792956243326,0.019762628876012656,2.63,2.28,1.76,0.032068412613575736,0.028448738593666034,0.03190914007571655,14.020000457763672,12.079999923706055,12.819999694824219,5.2,5.3,0.7,0.85
5.1,13.289999961853027,0.05758285258328333,0.019762628876012656,17.60206349690755,1.0,0.01984496124030999,0.04241135297198446,1.2307995557785034,0.02995204663120865,3.0,0.4,0.02869287991498415,-0.034154617169453116,2.79,2.5,1.93,0.03361792956243326,0.030530262453133394,0.03621621621621607,15.3100004196167,14.020000457763672,12.079999923706055,5.2,5.4,0.55,0.77
5.0,12.039999961853027,0.07449133246481021,-0.034154617169453116,17.404542287190754,1.0,0.02045243259993801,0.04119319892609165,1.2091021537780762,-0.00014271417986777557,3.04,0.28,0.02541026998411855,0.0309979370606428,3.0,2.63,2.16,0.02869287991498415,0.032068412613575736,0.033423180592991875,13.289999961853027,15.3100004196167,14.020000457763672,5.1,5.2,0.4,0.7
5.0,11.569999694824219,0.07203539282874716,0.0309979370606428,17.34617805480957,1.0,0.021428571428571352,0.034828524932485255,1.2124004364013672,0.03596828690361842,3.26,0.26,0.03067160232681121,0.06911378983833205,3.04,2.79,2.28,0.02541026998411855,0.03361792956243326,0.028448738593666034,12.039999961853027,13.289999961853027,15.3100004196167,5.0,5.2,0.28,0.55
4.9,12.600000381469727,0.13818726743855758,0.06911378983833205,17.62013594309489,1.0,0.021850302185030257,0.05222074530554823,1.234095573425293,-0.011222104598600069,3.5,0.18,0.03646934460887952,-0.05747588728068598,3.26,3.0,2.5,0.03067160232681121,0.02869287991498415,0.030530262453133394,11.569999694824219,12.039999961853027,13.289999961853027,5.0,5.1,0.26,0.4
5.0,11.920000076293945,-0.03916455587496559,-0.05747588728068598,17.817558924357098,1.0,0.026006191950464608,0.06494277247398667,1.2028049230575562,0.00694902431673361,3.62,0.16,0.04741833508956805,-0.0011654903293477625,3.5,3.04,2.63,0.03646934460887952,0.02541026998411855,0.032068412613575736,12.600000381469727,11.569999694824219,12.039999961853027,4.9,5.0,0.18,0.28
5.0,15.319999694824219,-0.0978260832007154,-0.0011654903293477625,17.881675402323406,1.0,0.024672320740169784,0.06342316135661288,1.1988970041275024,-0.01774077993231349,3.78,0.17,0.04350104821802936,0.07704303918599087,3.62,3.26,2.79,0.04741833508956805,0.03067160232681121,0.03361792956243326,11.920000076293945,12.600000381469727,11.569999694824219,5.0,5.0,0.16,0.26
5.0,12.0600004196167,-0.040829964779797945,0.07704303918599087,18.117249488830566,1.0,0.02314457645425083,0.0675558737534051,1.1804981231689453,0.035186096519093324,4.0,0.07,0.03338549817423053,-0.05250573827505456,3.78,3.5,3.0,0.04350104821802936,0.03646934460887952,0.02869287991498415,15.319999694824219,11.920000076293945,12.600000381469727,5.0,4.9,0.17,0.18
4.9,12.069999694824219,0.06489883531941176,-0.05250573827505456,18.286052385965984,1.25,0.022751729438893253,0.06523710714224137,1.184399127960205,-0.0009523493171964548,4.16,-0.02,0.03338549817423053,0.0764818083008294,4.0,3.62,3.04,0.03338549817423053,0.04741833508956805,0.02541026998411855,12.0600004196167,15.319999694824219,11.920000076293945,5.0,5.0,0.07,0.16
4.7,12.949999809265137,0.002434951913191874,0.0764818083008294,18.59799798329671,1.25,0.024593967517401172,0.07463353568540054,1.2148454189300537,0.025466771341108085,4.29,-0.01,0.04018789144050117,-0.045469964734517365,4.16,3.78,3.26,0.03338549817423053,0.04350104821802936,0.03067160232681121,12.069999694824219,12.0600004196167,15.319999694824219,4.9,5.0,-0.02,0.17
4.8,12.34000015258789,0.0036178202304957274,-0.045469964734517365,18.557505925496418,1.25,0.023578363384188616,0.07252531078578045,1.1930042505264282,0.0004531577283561905,4.49,-0.14,0.0363825363825363,0.016084696962925582,4.29,4.0,3.5,0.04018789144050117,0.03338549817423053,0.03646934460887952,12.949999809265137,12.069999694824219,12.0600004196167,4.7,5.0,-0.01,0.07
4.7,11.390000343322754,0.08500240056955222,0.016084696962925582,18.748523076375324,1.5,0.022028453418999394,0.06097680212058038,1.2115044593811035,0.011095810408889628,4.59,0.04,0.03417918177110302,-0.11245889493642658,4.49,4.16,3.62,0.0363825363825363,0.03338549817423053,0.04741833508956805,12.34000015258789,12.949999809265137,12.069999694824219,4.8,4.9,-0.14,-0.02
4.7,11.59000015258789,0.07879333958295609,-0.11245889493642658,18.586999893188477,1.5,0.024527726995734245,0.06429093788483474,1.2624987363815308,0.01215565291784415,4.79,0.2,0.03613835828600931,-0.062111603418755434,4.59,4.29,3.78,0.03417918177110302,0.04018789144050117,0.04350104821802936,11.390000343322754,12.34000015258789,12.949999809265137,4.7,4.7,0.04,-0.01
4.6,16.440000534057617,-0.008208074018291267,-0.062111603418755434,18.022055466969807,1.5,0.025235633931286028,0.06477263590814489,1.2816076278686523,-0.030916916538203165,4.94,0.08,0.03977272727272729,0.032708975653096495,4.79,4.49,4.0,0.03613835828600931,0.0363825363825363,0.03338549817423053,11.59000015258789,11.390000343322754,12.34000015258789,4.7,4.8,0.2,-0.14
4.6,13.079999923706055,0.037733236174224194,0.032708975653096495,17.711327075958252,1.75,0.024749468569693178,0.07371058566016052,1.2782983779907227,8.659650459597046e-05,4.99,-0.01,0.041817243159525175,0.03261748720181967,4.94,4.59,4.16,0.03977272727272729,0.03417918177110302,0.03338549817423053,16.440000534057617,11.59000015258789,11.390000343322754,4.6,4.7,0.08,0.04
4.7,14.949999809265137,0.005677185048491129,0.03261748720181967,17.257463932037354,1.75,0.02477956825782912,0.05471829553184068,1.277400255203247,0.0050858788034533475,5.24,0.02,0.041046690610569536,0.0681630626516363,4.99,4.79,4.29,0.041817243159525175,0.03613835828600931,0.04018789144050117,13.079999923706055,16.440000534057617,11.59000015258789,4.6,4.7,-0.01,0.2
4.7,12.3100004196167,-0.055645151945439175,0.0681630626516363,17.143558343251545,2.0,0.023202911737943532,0.020495888161187026,1.2809016704559326,0.02127419311502643,5.25,-0.05,0.03926568077511483,0.06812148565306608,5.24,4.94,4.49,0.041046690610569536,0.03977272727272729,0.0363825363825363,14.949999809265137,13.079999923706055,16.440000534057617,4.7,4.6,0.02,0.08
4.5,11.979999542236328,-0.10461147260666304,0.06812148565306608,17.184016704559326,2.0,0.01795413397706702,0.020510255844054744,1.2690999507904053,0.024566297967782313,5.25,-0.07,0.02012072434607637,0.04972547972880914,5.25,4.99,4.59,0.03926568077511483,0.041817243159525175,0.03417918177110302,12.3100004196167,14.949999809265137,13.079999923706055,4.7,4.6,-0.05,-0.01
4.4,11.100000381469727,0.006162780427395376,0.04972547972880914,17.73990837732951,2.25,0.016252821670428963,0.010632961539854902,1.2766989469528198,0.03150800358539563,5.25,-0.1,0.014063284781516971,0.022640750233420714,5.25,5.24,4.79,0.02012072434607637,0.041046690610569536,0.03613835828600931,11.979999542236328,12.3100004196167,14.949999809265137,4.5,4.7,-0.07,0.02
4.5,10.90999984741211,-0.002649374212361555,0.022640750233420714,18.54651101430257,2.25,0.018700045242044938,0.022878275357914736,1.325100064277649,0.016466656343095964,5.25,-0.16,0.01968702675416467,0.02050660374875135,5.25,5.25,4.94,0.014063284781516971,0.03926568077511483,0.03977272727272729,11.100000381469727,11.979999542236328,12.3100004196167,4.4,4.7,-0.1,-0.05
4.4,11.5600004196167,-0.032947913763068604,0.02050660374875135,19.337499300638836,2.5,0.019239440853750178,0.016288441027276345,1.3198009729385376,0.012615782814670462,5.24,-0.11,0.025239777889954462,0.03348989295333271,5.25,5.25,4.99,0.01968702675416467,0.02012072434607637,0.041817243159525175,10.90999984741211,11.100000381469727,11.979999542236328,4.5,4.5,-0.16,-0.07
4.6,10.420000076293945,-0.04766584576213373,0.03348989295333271,20.157351811726887,2.5,0.0185688405797102,0.0069620911315592055,1.3023037910461426,0.014059043023177953,5.25,-0.11,0.020757651781234232,-0.0871678846819075,5.24,5.25,5.24,0.025239777889954462,0.014063284781516971,0.041046690610569536,11.5600004196167,10.90999984741211,11.100000381469727,4.4,4.4,-0.11,-0.1
4.5,15.420000076293945,0.06277952466798231,-0.0871678846819075,20.46924368540446,2.5,0.0188196326407708,0.06623274688708111,1.322891354560852,-0.021846175991944383,5.26,-0.09,0.02420260782347028,-0.007219077136618179,5.25,5.25,5.25,0.020757651781234232,0.01968702675416467,0.03926568077511483,10.420000076293945,11.5600004196167,10.90999984741211,4.6,4.5,-0.11,-0.16
4.4,14.640000343322754,0.06603013061340501,-0.007219077136618179,20.552738189697266,2.75,0.019607843137254832,0.06138312930218593,1.3358982801437378,0.009979982939206433,5.26,0.07,0.027981972959439272,0.07427307722227305,5.26,5.24,5.25,0.02420260782347028,0.025239777889954462,0.02012072434607637,15.420000076293945,10.420000076293945,11.5600004196167,4.5,4.4,-0.09,-0.11
4.5,14.220000267028809,-0.01244542782462199,0.07427307722227305,20.721136728922527,2.75,0.019330855018587334,0.08072171045275872,1.3652063608169556,0.043290690426759815,5.25,0.03,0.025929247633283525,0.025050281820168108,5.26,5.25,5.25,0.027981972959439272,0.020757651781234232,0.014063284781516971,14.640000343322754,15.420000076293945,10.420000076293945,4.4,4.6,0.07,-0.11
4.4,13.050000190734863,-0.01599103288624104,0.025050281820168108,20.90186309814453,2.75,0.01883155397390257,0.04103893747961139,1.3456052541732788,0.032549228707361655,5.25,-0.02,0.02709885742672613,-0.036641969102932714,5.25,5.26,5.25,0.025929247633283525,0.02420260782347028,0.01968702675416467,14.220000267028809,14.640000343322754,15.420000076293945,4.5,4.5,0.03,-0.09
4.6,16.229999542236328,0.10420243628097015,-0.036641969102932714,20.879276275634766,3.0,0.01911394280634182,0.055574222010567116,1.3536012172698975,-0.01781632254788501,5.25,0.16,0.02692765113974227,-0.016287363904558427,5.25,5.26,5.24,0.02709885742672613,0.027981972959439272,0.025239777889954462,13.050000190734863,14.220000267028809,14.640000343322754,4.4,4.4,-0.02,0.07
4.7,23.520000457763672,0.019317704318649653,-0.016287363904558427,20.682223320007324,3.0,0.01794985907135449,0.03143523694519544,1.3672035932540894,-0.03198187836198829,5.26,0.22,0.023178905864958077,-0.008968721568482163,5.25,5.25,5.25,0.02692765113974227,0.025929247633283525,0.020757651781234232,16.229999542236328,13.050000190734863,14.220000267028809,4.6,4.5,0.16,0.03
4.6,23.3799991607666,0.027685680658256828,-0.008968721568482163,20.77079709370931,3.0,0.017785682525566893,0.014339230032374074,1.3642005920410156,0.012863572018857905,5.02,0.39,0.01897448478900876,0.029003033230232234,5.26,5.25,5.26,0.023178905864958077,0.02709885742672613,0.02420260782347028,23.520000457763672,16.229999542236328,13.050000190734863,4.7,4.4,0.22,-0.02
4.7,18.0,0.10291737780062604,0.029003033230232234,20.98196315765381,3.0,0.021639247072773093,0.02431267420079532,1.427001714706421,0.03579400817860079,4.94,0.62,0.028338264299802685,0.24949057962776178,5.02,5.25,5.26,0.01897448478900876,0.02692765113974227,0.027981972959439272,23.3799991607666,23.520000457763672,16.229999542236328,4.6,4.6,0.39,0.16
4.7,18.530000686645508,0.15760463556235726,0.24949057962776178,21.822211901346844,3.0,0.025766326077298896,0.13955752855229459,1.4471989870071411,0.014822338223554832,4.76,0.54,0.03610698365527476,-0.08720442934919859,4.94,5.26,5.25,0.028338264299802685,0.023178905864958077,0.025929247633283525,18.0,23.3799991607666,23.520000457763672,4.7,4.7,0.62,0.22
4.7,22.8700008392334,-0.06156775383455171,-0.08720442934919859,22.192484855651855,3.0,0.031088082901554515,0.17101776786128975,1.469594120979309,-0.04404341737941575,4.49,0.93,0.04373267326732666,0.06302721021546098,4.76,5.02,5.25,0.03610698365527476,0.01897448478900876,0.02709885742672613,18.530000686645508,18.0,23.3799991607666,4.7,4.6,0.54,0.39
5.0,22.5,0.08195247827179197,0.06302721021546098,22.94714419047038,3.0,0.031116354519982403,0.16867209941622896,1.4601097106933594,-0.008628508561297932,4.24,0.99,0.04108813392417532,-0.08426992253511478,4.49,4.94,5.25,0.04373267326732666,0.028338264299802685,0.02692765113974227,22.8700008392334,18.530000686645508,18.0,4.7,4.7,0.93,0.62
5.0,26.200000762939453,-0.04407171503425478,-0.08426992253511478,23.400966962178547,3.0,0.032755298651252485,0.08590169010082445,1.4865025281906128,-0.06116343227776988,3.94,1.5,0.04294695655165981,-0.16564381301129394,4.24,4.76,5.26,0.04108813392417532,0.03610698365527476,0.023178905864958077,22.5,22.8700008392334,18.530000686645508,5.0,4.7,0.99,0.54
4.9,26.540000915527344,0.10997271212959814,-0.16564381301129394,23.241766611735027,3.0,0.03324959361607793,0.11590843529221755,1.519202709197998,-0.03476119273728817,2.98,1.88,0.04142959270611968,0.047435817380905965,3.94,4.49,5.02,0.04294695655165981,0.04373267326732666,0.01897448478900876,26.200000762939453,22.5,22.8700008392334,5.0,4.7,1.5,0.93
5.1,25.610000610351562,-0.0025529705045679307,0.047435817380905965,23.13772487640381,3.0,0.036553141514973575,0.10752599752783222,1.5757957696914673,-0.005959623397817415,2.61,1.83,0.03974903550134434,0.004933165213398816,2.98,4.24,4.94,0.04142959270611968,0.04108813392417532,0.028338264299802685,26.540000915527344,26.200000762939453,22.5,4.9,5.0,1.88,0.99
5.0,20.790000915527344,0.11695212678944888,0.004933165213398816,22.177027066548664,3.0,0.033406272793581326,0.11277256598246459,1.5622069835662842,0.047546697641229096,2.28,1.48,0.039037609759888126,-0.007012890087587542,2.61,3.94,4.76,0.03974903550134434,0.04294695655165981,0.03610698365527476,25.610000610351562,26.540000915527344,26.200000762939453,5.1,5.0,1.83,1.5
5.4,17.829999923706055,0.12242199455075897,-0.007012890087587542,21.573840141296387,3.0,0.03740358026488155,0.028617725927345322,1.555790662765503,0.01067418170406853,1.98,1.4,0.04088413823123993,-0.025025235314678707,2.28,2.98,4.49,0.039037609759888126,0.04142959270611968,0.04373267326732666,20.790000915527344,25.610000610351562,26.540000915527344,5.0,4.9,1.48,1.88
5.6,23.950000762939453,-0.01686382953434218,-0.025025235314678707,20.63417689005534,3.0,0.040418726373945946,0.015081216684090163,1.57500159740448,-0.08596238482631446,2.0,1.36,0.04935966105947864,-0.06506741855991482,1.98,2.61,4.24,0.04088413823123993,0.03974903550134434,0.04108813392417532,17.829999923706055,20.790000915527344,25.610000610351562,5.4,5.1,1.4,1.83
5.8,22.940000534057617,-0.008964589089037633,-0.06506741855991482,19.837158203125,3.25,0.041241620518799094,0.02971573459681272,1.5593082904815674,-0.009859371185302779,2.01,1.47,0.054975120783418374,0.06104189426191442,2.0,2.28,3.94,0.04935966105947864,0.039037609759888126,0.04294695655165981,23.950000762939453,17.829999923706055,20.790000915527344,5.6,5.0,1.36,1.48
6.1,20.649999618530273,-0.06947132994339322,0.06104189426191442,19.8725528717041,3.25,0.039027231687781994,0.0644392297866669,1.4695078134536743,0.012190464669121548,2.0,1.47,0.053080171620912386,-0.018085338384469685,2.01,1.98,2.98,0.054975120783418374,0.04088413823123993,0.04142959270611968,22.940000534057617,23.950000762939453,17.829999923706055,5.8,5.4,1.47,1.4
6.1,39.38999938964844,-0.1283561390294281,-0.018085338384469685,19.694828033447266,3.25,0.037139126650224785,0.06373381308782249,1.409641981124878,-0.09079143354379215,1.81,1.85,0.04953319875136075,-0.16335687138899213,2.0,2.0,2.61,0.053080171620912386,0.04935966105947864,0.03974903550134434,20.649999618530273,22.940000534057617,23.950000762939453,6.1,5.6,1.47,1.36
6.5,59.88999938964844,-0.3262122618259027,-0.16335687138899213,18.97449779510498,3.25,0.032337231124585086,0.11381252367629961,1.2701960802078247,-0.16942452401777075,0.97,2.45,0.03731057889956513,-0.09449186482778871,1.81,2.01,2.28,0.04953319875136075,0.054975120783418374,0.039037609759888126,39.38999938964844,20.649999618530273,22.940000534057617,6.1,5.8,1.85,1.47
6.8,55.279998779296875,-0.1973159966840654,-0.09449186482778871,18.0236234664917,2.75,0.02182340272792538,0.07266838458973786,1.2675074338912964,-0.0748490423387097,0.39,1.93,0.010999174706166848,-0.03206227770648162,0.97,2.0,1.98,0.03731057889956513,0.053080171620912386,0.04088413823123993,59.88999938964844,39.38999938964844,20.649999618530273,6.5,6.1,2.45,1.47
7.3,40.0,-0.18059896703913758,-0.03206227770648162,17.079383850097656,2.0,0.01659038901601817,0.06567357764868485,1.3979953527450562,0.007821576633499472,0.16,1.49,-0.0002222800255385904,-0.12037078810113444,0.39,1.81,2.0,0.010999174706166848,0.04953319875136075,0.04935966105947864,55.279998779296875,59.88999938964844,39.38999938964844,6.8,6.1,1.93,1.85
7.8,44.84000015258789,-0.06547081320282166,-0.12037078810113444,16.0660400390625,1.0,0.01176808266360485,0.04539743940291333,1.2850992679595947,-0.08565734305805428,0.15,1.93,-0.0011358601902212717,-0.055555547049988774,0.16,0.97,2.01,-0.0002222800255385904,0.03731057889956513,0.054975120783418374,40.0,55.279998779296875,59.88999938964844,7.3,6.5,1.49,2.45
8.3,46.349998474121094,0.051302975448591415,-0.055555547049988774,14.748741308848063,1.0,0.012442791762013794,0.045737187978506115,1.2678931951522827,-0.10993119762019943,0.22,2.02,8.463140671510772e-05,0.14526092151317282,0.15,0.39,2.0,-0.0011358601902212717,0.010999174706166848,0.053080171620912386,44.84000015258789,40.0,55.279998779296875,7.8,6.8,1.93,1.93
8.7,44.13999938964844,0.0872473835551506,0.14526092151317282,13.77558978398641,0.5,0.006231411981305834,0.13849697630352625,1.3246963024139404,0.08540446199532292,0.18,1.9,-0.004464787676623838,0.10288525574018537,0.22,0.16,1.81,8.463140671510772e-05,-0.0002222800255385904,0.04953319875136075,46.349998474121094,44.84000015258789,40.0,8.3,7.3,2.02,1.49
9.0,36.5,0.073017630494292,0.10288525574018537,13.559353510538736,0.25,0.006493506493506329,0.10585086921756005,1.323521614074707,0.09392507914826331,0.15,2.25,-0.005763244243767063,0.031095423593457516,0.18,0.15,0.97,-0.004464787676623838,-0.0011358601902212717,0.03731057889956513,44.13999938964844,46.349998474121094,44.84000015258789,8.7,7.8,1.9,1.93
9.4,28.920000076293945,0.29714395430541796,0.031095423593457516,13.674621105194092,0.25,0.0008417508417508657,0.057710827933493476,1.4120903015136719,0.05308144638516654,0.18,2.55,-0.01015761495855172,0.14509134905944965,0.15,0.22,0.39,-0.005763244243767063,8.463140671510772e-05,0.010999174706166848,36.5,44.13999938964844,46.349998474121094,9.0,8.3,2.25,2.02
9.5,26.350000381469727,0.053988869896900216,0.14509134905944965,14.238635222117106,0.25,-0.0011179429849077493,0.057634198955969655,1.4038830995559692,0.00019582726560996022,0.21,2.42,-0.012291746182109153,-0.010517498583651919,0.18,0.18,0.16,-0.01015761495855172,-0.004464787676623838,-0.0002222800255385904,28.920000076293945,36.5,44.13999938964844,9.4,8.7,2.55,1.9
9.5,25.920000076293945,-0.006295642370136023,-0.010517498583651919,15.056025664011637,0.25,-0.006158152554233687,0.08056138423564578,1.4260046482086182,0.07414172714778422,0.16,2.39,-0.01958761003762277,0.0480439435181399,0.21,0.15,0.15,-0.012291746182109153,-0.005763244243767063,-0.0011358601902212717,26.350000381469727,28.920000076293945,36.5,9.5,9.0,2.42,2.25
9.6,26.010000228881836,0.0073434436089399036,0.0480439435181399,16.127796808878582,0.25,-0.0014015416958653715,0.07859363299928192,1.434267520904541,0.03356018886854417,0.16,2.43,-0.014838355663267633,0.049274446296238006,0.16,0.18,0.22,-0.01958761003762277,-0.01015761495855172,8.463140671510772e-05,25.920000076293945,26.350000381469727,28.920000076293945,9.5,9.4,2.39,2.55
9.8,25.610000610351562,0.009291045374286933,0.049274446296238006,17.06414858500163,0.25,-0.0032172331794655395,0.034171219153570805,1.465502142906189,0.03572334572311964,0.15,2.36,-0.01377942862886472,0.07814977893475317,0.16,0.21,0.18,-0.014838355663267633,-0.012291746182109153,-0.004464787676623838,26.010000228881836,25.920000076293945,26.350000381469727,9.6,9.5,2.43,2.42
10.0,30.690000534057617,0.09049708730227168,0.07814977893475317,18.018123467763264,0.25,-0.0012585652356313926,0.01703750910101961,1.4732965230941772,-0.019762000526814205,0.12,2.51,-0.002239682942003385,0.060583989015541295,0.15,0.16,0.15,-0.01377942862886472,-0.01958761003762277,-0.005763244243767063,25.610000610351562,26.010000228881836,25.920000076293945,9.8,9.5,2.36,2.39
9.9,24.510000228881836,0.007331950794566833,0.060583989015541295,19.102935155232746,0.25,0.00477729380356906,0.01455018652223212,1.5038950443267822,0.05736406145372763,0.12,2.54,0.019145871744709275,0.040963457343720755,0.12,0.16,0.18,-0.002239682942003385,-0.014838355663267633,-0.01015761495855172,30.690000534057617,25.610000610351562,26.010000228881836,10.0,9.6,2.51,2.43
9.9,21.68000030517578,0.0231476900569223,0.040963457343720755,19.966246604919434,0.25,0.009144625773776172,0.018602619672340174,1.4327058792114258,0.017770570919338313,0.12,2.71,0.028141231232083674,-0.0754592836079584,0.12,0.15,0.21,0.019145871744709275,-0.01377942862886472,-0.012291746182109153,24.510000228881836,30.690000534057617,25.610000610351562,9.9,9.8,2.54,2.36
9.8,24.6200008392334,-0.08152723249675975,-0.0754592836079584,20.574490229288738,0.25,0.009219858156028549,0.07353796287167891,1.387694001197815,-0.03697424569226215,0.11,2.81,0.026211113889767157,0.017388191182051926,0.12,0.12,0.16,0.028141231232083674,-0.002239682942003385,-0.01958761003762277,21.68000030517578,24.510000228881836,30.690000534057617,9.9,10.0,2.71,2.51
9.8,19.5,0.092879741105093,0.017388191182051926,21.104599952697754,0.25,0.008193247633846656,0.061550387705490164,1.3637913465499878,0.028513689046546054,0.13,2.8,0.02151336357866529,0.02640267147732911,0.11,0.12,0.16,0.026211113889767157,0.019145871744709275,-0.014838355663267633,24.6200008392334,21.68000030517578,24.510000228881836,9.8,9.9,2.81,2.54
9.9,17.59000015258789,0.05146872063315344,0.02640267147732911,21.579340934753418,0.25,0.015622800844475648,0.05638819664266729,1.3508037328720093,0.058796425545497355,0.16,2.82,0.022861714393279886,0.04267668445876005,0.13,0.12,0.15,0.02151336357866529,0.028141231232083674,-0.01377942862886472,19.5,24.6200008392334,21.68000030517578,9.8,9.9,2.8,2.71
9.9,22.049999237060547,0.028533898384592415,0.04267668445876005,21.961459159851074,0.25,0.016129032258064502,0.01281673545096288,1.3298048973083496,0.014759230482012997,0.2,2.72,0.022067707525304403,-0.15520607652869256,0.16,0.11,0.12,0.022861714393279886,0.026211113889767157,-0.002239682942003385,17.59000015258789,19.5,24.6200008392334,9.9,9.8,2.82,2.81
9.6,32.06999969482422,-0.14138131270394683,-0.15520607652869256,21.543914477030437,0.25,0.016820857863750982,0.10985154220344519,1.2287880182266235,-0.08197584207319053,0.2,2.55,0.020035489292185682,-0.10411556755760287,0.2,0.13,0.12,0.022067707525304403,0.02151336357866529,0.019145871744709275,22.049999237060547,17.59000015258789,19.5,9.9,9.8,2.72,2.8
9.4,34.540000915527344,0.022441476346092504,-0.10411556755760287,20.641934076944988,0.25,0.014829322887520924,0.10272600486648757,1.223002314567566,-0.05388244223983851,0.18,2.36,0.011215605940686268,0.12168660444935786,0.2,0.16,0.12,0.020035489292185682,0.022861714393279886,0.028141231232083674,32.06999969482422,22.049999237060547,17.59000015258789,9.6,9.9,2.55,2.82
9.4,23.5,0.043897921663274664,0.12168660444935786,20.376948356628418,0.25,0.01718067877763696,0.14734676660245977,1.3040019273757935,0.06877784957463517,0.18,2.39,0.013407784804821077,-0.09066240822472982,0.18,0.2,0.11,0.011215605940686268,0.022067707525304403,0.026211113889767157,34.540000915527344,32.06999969482422,22.049999237060547,9.4,9.9,2.36,2.72
9.5,26.049999237060547,0.003492105726500938,-0.09066240822472982,19.757594108581543,0.25,0.015719298245614022,0.12666209085775995,1.266592264175415,-0.04744918363260475,0.19,2.0,0.011501775395112546,0.04902543435914519,0.18,0.2,0.13,0.013407784804821077,0.020035489292185682,0.02151336357866529,23.5,34.540000915527344,32.06999969482422,9.4,9.6,2.39,2.55
9.5,23.700000762939453,0.009394710912843829,0.04902543435914519,19.188478151957195,0.25,0.0188043783328653,0.10792315336098805,1.3628062009811401,0.08755110305113556,0.19,2.11,0.011183122472331775,0.08901587118566234,0.19,0.18,0.16,0.011501775395112546,0.011215605940686268,0.022861714393279886,26.049999237060547,23.5,34.540000915527344,9.5,9.4,2.0,2.36
9.4,21.200000762939453,0.018256834590302473,0.08901587118566234,18.738162358601887,0.25,0.019462335480257664,0.09433646563868435,1.377808928489685,0.03685599403554063,0.19,2.29,0.011666951489314625,-0.052867924628187124,0.19,0.18,0.2,0.011183122472331775,0.013407784804821077,0.022067707525304403,23.700000762939453,26.049999237060547,23.5,9.5,9.4,2.11,2.39
9.8,23.540000915527344,0.03291170692781442,-0.052867924628187124,18.701871871948242,0.25,0.01915815969794421,0.07315793777602346,1.3103927373886108,-0.002290249746576656,0.19,2.36,0.01084544776600338,0.11169740149792506,0.19,0.19,0.2,0.011666951489314625,0.011501775395112546,0.020035489292185682,21.200000762939453,23.700000762939453,26.049999237060547,9.4,9.5,2.29,2.0
9.3,17.75,0.08643439056367908,0.11169740149792506,19.356709162394207,0.25,0.022166457549142482,0.08918819979388698,1.3301233053207397,0.06530004034715509,0.18,2.69,0.01437793022217937,-0.00644917487085217,0.19,0.19,0.18,0.01084544776600338,0.011183122472331775,0.011215605940686268,23.540000915527344,21.200000762939453,23.700000762939453,9.8,9.5,2.36,2.11
9.1,19.530000686645508,0.008864141084858446,-0.00644917487085217,19.63754367828369,0.25,0.023190442726633842,0.08484796245804514,1.3572757244110107,0.022645574359139164,0.17,2.84,0.017007834915029774,-0.04147130044749847,0.18,0.19,0.18,0.01437793022217937,0.011666951489314625,0.013407784804821077,17.75,23.540000915527344,21.200000762939453,9.3,9.4,2.69,2.29
9.0,18.350000381469727,0.05184942675682125,-0.04147130044749847,20.065963745117188,0.25,0.02437999159310622,0.08025564782121324,1.373437762260437,0.03195656372809341,0.16,2.73,0.02124898173333145,-0.03912464055258791,0.17,0.19,0.19,0.017007834915029774,0.01084544776600338,0.011501775395112546,19.530000686645508,17.75,23.540000915527344,9.1,9.8,2.84,2.36
9.0,17.739999771118164,0.10054655952627112,-0.03912464055258791,20.218149185180664,0.25,0.02674611973392471,0.019577802694578497,1.4121301174163818,-0.0010473129391664893,0.14,2.67,0.02619241510354109,0.02087468624441957,0.16,0.18,0.19,0.02124898173333145,0.01437793022217937,0.011183122472331775,18.350000381469727,19.530000686645508,17.75,9.0,9.3,2.73,2.69
9.1,14.75,0.06755996066343695,0.02087468624441957,20.16310214996338,0.5,0.02843340234644587,0.035337534542714655,1.4820963144302368,0.028495380666536008,0.1,2.71,0.030772344447868694,-0.035107994620667826,0.14,0.17,0.19,0.02619241510354109,0.017007834915029774,0.011666951489314625,17.739999771118164,18.350000381469727,19.530000686645508,9.0,9.1,2.67,2.84
9.0,15.449999809265137,-0.06729948919285189,-0.035107994620667826,20.16970920562744,0.5,0.027295285359801413,0.033541300952404776,1.4322338104248047,-0.01350095289522324,0.09,2.6,0.034589718808965,0.046398451748108194,0.1,0.16,0.19,0.030772344447868694,0.02124898173333145,0.01084544776600338,14.75,17.739999771118164,18.350000381469727,9.1,9.0,2.71,2.73
9.1,16.520000457763672,-0.10203565907466572,0.046398451748108194,19.968650182088215,0.5,0.027157430383236925,0.04169097416706971,1.4478904008865356,-0.018257461652479323,0.09,2.73,0.03502318150636041,0.05384589098110837,0.09,0.14,0.18,0.034589718808965,0.02619241510354109,0.01437793022217937,15.449999809265137,14.75,17.739999771118164,9.0,9.0,2.6,2.67
9.0,25.25,0.002934382568328342,0.05384589098110837,19.970250447591145,0.75,0.025751072961373467,0.04934835173615096,1.4331985712051392,-0.02147442530666621,0.07,2.46,0.035798809769996165,-0.02919715149653379,0.09,0.1,0.17,0.03502318150636041,0.030772344447868694,0.017007834915029774,16.520000457763672,15.449999809265137,14.75,9.1,9.1,2.73,2.71
9.0,31.6200008392334,-0.07199581618978301,-0.02919715149653379,20.01498254140218,0.75,0.025563078623739077,0.04594617591086698,1.4433138370513916,-0.05679110795232889,0.1,2.03,0.0375499603070808,-0.05837958780863617,0.07,0.09,0.16,0.035798809769996165,0.034589718808965,0.02124898173333145,25.25,16.520000457763672,15.449999809265137,9.0,9.0,2.46,2.6
9.0,42.959999084472656,-0.10820854492210985,-0.05837958780863617,19.99217637379964,0.75,0.02988980716253442,0.05822702634607745,1.3585848808288574,-0.07176198808089651,0.08,1.67,0.03812621692818685,0.06990726847973128,0.1,0.09,0.14,0.0375499603070808,0.03502318150636041,0.02619241510354109,31.6200008392334,25.25,16.520000457763672,9.0,9.1,2.03,2.73
8.8,29.959999084472656,0.17664149030594833,0.06990726847973128,20.12664286295573,0.75,0.030490317264112,0.06724435310157285,1.4140071868896484,0.10772303843744147,0.07,1.92,0.035222681306640524,-0.03942915056182095,0.08,0.07,0.1,0.03812621692818685,0.035798809769996165,0.030772344447868694,42.959999084472656,31.6200008392334,25.25,9.0,9.0,1.67,2.46
8.6,27.799999237060547,0.07693956412817449,-0.03942915056182095,20.241514523824055,0.5,0.03032381997804623,0.06924724915959674,1.3324095010757446,-0.005058715107011391,0.08,1.83,0.03451432214581729,0.022497023141380135,0.07,0.1,0.09,0.035222681306640524,0.0375499603070808,0.034589718808965,29.959999084472656,42.959999084472656,31.6200008392334,8.8,9.0,1.92,2.03
8.5,23.399999618530273,-0.015245105320765284,0.022497023141380135,20.28268814086914,0.25,0.02755046372067671,0.054828573574660186,1.2956053018569946,0.008532763666636134,0.07,1.64,0.03062066838419386,0.13752007746455175,0.08,0.08,0.09,0.03451432214581729,0.03812621692818685,0.03502318150636041,27.799999237060547,29.959999084472656,42.959999084472656,8.6,9.0,1.83,1.67
8.3,19.440000534057617,0.031113619769758127,0.13752007746455175,20.60896396636963,0.25,0.026648351648351554,0.0897925231802733,1.3139568567276,0.043583062704985354,0.08,1.61,0.030087663379855023,0.07483861251065504,0.07,0.07,0.07,0.03062066838419386,0.035222681306640524,0.035798809769996165,23.399999618530273,27.799999237060547,29.959999084472656,8.5,8.8,1.64,1.92
8.3,18.43000030517578,0.05068486085292845,0.07483861251065504,21.325805981953938,0.25,0.027356038845575137,0.05758893275086161,1.3477997779846191,0.04058946376811723,0.1,1.68,0.028981784423473878,0.023074286398965027,0.08,0.08,0.1,0.030087663379855023,0.03451432214581729,0.0375499603070808,19.440000534057617,23.399999618530273,27.799999237060547,8.3,8.6,1.61,1.83
8.2,15.5,-0.03782575010088085,0.023074286398965027,22.337491035461426,0.25,0.026859225266567588,0.0573096132122,1.334507703781128,0.03133231453144192,0.13,1.9,0.025828752813320977,-0.0074396040049032885,0.1,0.07,0.08,0.028981784423473878,0.03062066838419386,0.03812621692818685,18.43000030517578,19.440000534057617,23.399999618530273,8.3,8.5,1.68,1.64
8.2,17.149999618530273,-0.06348475328179881,-0.0074396040049032885,23.092807451883953,0.25,0.025768353241175657,0.04159396566482077,1.3241524696350098,-0.007497452372495994,0.14,1.68,0.022731633741348567,-0.08838207201077486,0.13,0.08,0.07,0.025828752813320977,0.030087663379855023,0.035222681306640524,15.5,18.43000030517578,19.440000534057617,8.2,8.3,1.9,1.61
8.2,24.059999465942383,-0.10312831332647765,-0.08838207201077486,23.61286513010661,0.25,0.024288781535158455,0.057598177726413714,1.2374706268310547,-0.06265072571454366,0.16,1.32,0.01737942937466075,0.05483813483813482,0.14,0.1,0.08,0.022731633741348567,0.028981784423473878,0.03451432214581729,17.149999618530273,15.5,18.43000030517578,8.2,8.3,1.68,1.68
8.2,17.079999923706055,-0.01814399303100256,0.05483813483813482,24.268374760945637,0.25,0.023620990471077574,0.07181251925689058,1.266496181488037,0.03955498222833631,0.16,1.34,0.01653870448297634,-0.03661359869759373,0.16,0.13,0.07,0.01737942937466075,0.025828752813320977,0.03062066838419386,24.059999465942383,17.149999618530273,15.5,8.2,8.2,1.32,1.9
8.2,18.93000030517578,0.053472527354603505,-0.03661359869759373,24.311173756917317,0.0,0.024024834660548056,0.07252059712673811,1.2259409427642822,0.012597574204787909,0.16,1.28,0.014175114798464783,0.0458095689206528,0.16,0.14,0.08,0.01653870448297634,0.022731633741348567,0.030087663379855023,17.079999923706055,24.059999465942383,17.149999618530273,8.2,8.2,1.34,1.68
8.1,17.469999313354492,0.07784067928750416,0.0458095689206528,24.244295756022137,0.0,0.026138507140932354,0.05039595408602056,1.2510946989059448,0.019763369506085704,0.13,1.35,0.016859349154821235,-0.027996622104112134,0.16,0.16,0.1,0.014175114798464783,0.01737942937466075,0.028981784423473878,18.93000030517578,17.079999923706055,24.059999465942383,8.2,8.2,1.28,1.32
7.8,15.729999542236328,-0.04436611096858112,-0.027996622104112134,23.968187014261883,0.0,0.026079978601043274,0.04530486485912646,1.284505009651184,0.024236153617775313,0.14,1.42,0.019497168982819613,-0.04099423938210278,0.13,0.16,0.13,0.016859349154821235,0.01653870448297634,0.025828752813320977,17.469999313354492,18.93000030517578,17.079999923706055,8.1,8.2,1.35,1.34
7.8,18.600000381469727,-0.06454067057236923,-0.04099423938210278,23.561497688293457,0.0,0.0249233639877382,0.04681736327537529,1.2962603569030762,-0.01978940971629395,0.16,1.42,0.021556780595369363,-0.06727428553698256,0.14,0.16,0.14,0.019497168982819613,0.014175114798464783,0.022731633741348567,15.729999542236328,17.469999313354492,18.93000030517578,7.8,8.2,1.42,1.28
7.7,15.869999885559082,0.030960179319085457,-0.06727428553698256,23.270766894022625,0.0,0.021973631642029368,0.02000963820076725,1.2973533868789673,0.0028467166850427716,0.16,1.37,0.017960197033926262,0.011625840135257803,0.16,0.13,0.16,0.021556780595369363,0.016859349154821235,0.01737942937466075,18.600000381469727,15.729999542236328,17.469999313354492,7.8,8.1,1.42,1.35
7.9,18.020000457763672,0.03272968072044957,0.011625840135257803,22.81130568186442,0.0,0.022298911600743265,0.04017616089468006,1.3227688074111938,0.007068230956284616,0.16,1.53,0.017595049796895523,0.027705144780293844,0.16,0.14,0.16,0.017960197033926262,0.019497168982819613,0.01653870448297634,15.869999885559082,18.600000381469727,15.729999542236328,7.7,7.8,1.37,1.42
8.0,14.279999732971191,0.06175123271390004,0.027705144780293844,22.598725001017254,0.0,0.01980198019801982,0.05083447985432324,1.3568336963653564,0.050428096466868855,0.14,1.75,0.01684061762098299,0.012750459311428486,0.16,0.16,0.16,0.017595049796895523,0.021556780595369363,0.014175114798464783,18.020000457763672,15.869999885559082,18.600000381469727,7.9,7.8,1.53,1.42
7.7,15.510000228881836,-0.05580054293993786,0.012750459311428486,22.2548828125,0.0,0.018506190919983956,0.00897637105249073,1.3150973320007324,0.011060648765041536,0.15,1.64,0.020181404902574807,0.037657251400292635,0.14,0.16,0.13,0.01684061762098299,0.017960197033926262,0.016859349154821235,14.279999732971191,18.020000457763672,15.869999885559082,8.0,7.7,1.75,1.37
7.5,12.699999809265137,0.0562737657082224,0.037657251400292635,22.16508388519287,0.0,0.01735015772870674,0.012536847927917616,1.2807868719100952,0.03598772398287298,0.14,1.62,0.015187472411246183,0.15693830791065833,0.15,0.16,0.14,0.020181404902574807,0.017595049796895523,0.019497168982819613,15.510000228881836,14.279999732971191,18.020000457763672,7.7,7.9,1.64,1.53
7.6,13.520000457763672,-0.03877408353696299,0.15693830791065833,22.8435796101888,0.0,0.011775480832133756,0.07706972429566761,1.3095861673355103,0.018085767779890016,0.15,1.48,0.01138808047576867,0.05438040528049792,0.14,0.14,0.16,0.015187472411246183,0.01684061762098299,0.021556780595369363,12.699999809265137,15.510000228881836,14.279999732971191,7.5,8.0,1.62,1.75
7.5,16.299999237060547,-0.01594262656072587,0.05438040528049792,24.020135561625164,0.0,0.01414908947988991,0.06458296693637243,1.3043931722640991,0.020762811683057825,0.11,1.86,0.013903888279197085,-0.0033752282679162526,0.15,0.15,0.16,0.01138808047576867,0.020181404902574807,0.017960197033926262,13.520000457763672,12.699999809265137,15.510000228881836,7.6,7.7,1.48,1.64
7.5,16.860000610351562,0.04990753807728976,-0.0033752282679162526,25.13968054453532,0.0,0.0161269175298282,0.08119345876829737,1.3013039827346802,-0.014999301595580827,0.09,2.16,0.017157935271568725,-0.07817027409174382,0.11,0.14,0.16,0.013903888279197085,0.015187472411246183,0.017595049796895523,16.299999237060547,13.520000457763672,12.699999809265137,7.5,7.5,1.86,1.62
7.3,13.449999809265137,0.08771749621848768,-0.07817027409174382,25.793010711669922,0.0,0.015948332674311283,0.066457623952423,1.3264886140823364,0.04946207991308538,0.09,2.29,0.01885471805415806,0.04899519073180536,0.09,0.15,0.14,0.017157935271568725,0.01138808047576867,0.01684061762098299,16.860000610351562,16.299999237060547,13.520000457763672,7.5,7.6,2.16,1.48
7.2,17.010000228881836,0.024945280177404605,0.04899519073180536,26.611584345499676,0.0,0.013392857142857206,0.06391141670283983,1.3224014043807983,-0.031298019479343964,0.08,2.39,0.01538809488600279,0.0034283322326018606,0.09,0.11,0.15,0.01885471805415806,0.013903888279197085,0.020181404902574807,13.449999809265137,16.860000610351562,16.299999237060547,7.3,7.5,2.29,1.86
7.2,16.600000381469727,-0.043838659108947686,0.0034283322326018606,27.30553658803304,0.0,0.010818561001042726,0.06442790103590124,1.349545955657959,0.029749523259195332,0.08,2.31,0.010947341081747997,0.06400260566286597,0.08,0.09,0.14,0.01538809488600279,0.017157935271568725,0.015187472411246183,17.010000228881836,13.449999809265137,16.860000610351562,7.2,7.5,2.39,2.16
7.2,13.75,-0.06364251005644594,0.06400260566286597,27.684892972310383,0.0,0.00728218465539654,0.031545743764687204,1.3724011182785034,0.04459575276194472,0.09,2.26,0.00876799143491147,0.07681385329067769,0.08,0.09,0.15,0.010947341081747997,0.01885471805415806,0.01138808047576867,16.600000381469727,17.010000228881836,13.449999809265137,7.2,7.3,2.31,2.29
6.9,13.699999809265137,-0.037974643463533075,0.07681385329067769,28.193649927775066,0.0,0.00847015897836867,0.03919780046624799,1.359397530555725,0.028049471367328715,0.08,2.47,0.012328701961954458,-0.011441852688635401,0.09,0.08,0.11,0.00876799143491147,0.01538809488600279,0.013903888279197085,13.75,16.600000381469727,17.010000228881836,7.2,7.2,2.26,2.39
6.7,13.720000267028809,0.02270382340288779,-0.011441852688635401,28.658573468526203,0.0,0.0084393663983382,0.04768833540052789,1.3810056447982788,0.023562791975445974,0.09,2.66,0.015128383667573297,0.011494584899803373,0.08,0.08,0.09,0.012328701961954458,0.010947341081747997,0.017157935271568725,13.699999809265137,13.75,16.600000381469727,6.9,7.2,2.47,2.31
6.6,18.40999984741211,0.028103298771528396,0.011494584899803373,29.549942016601562,0.0,0.007609551298871642,0.045792569685256336,1.3558770418167114,-0.035582905955811595,0.07,2.33,0.01557758795574915,0.01242097298575695,0.09,0.09,0.09,0.015128383667573297,0.00876799143491147,0.01885471805415806,13.720000267028809,13.699999809265137,13.75,6.7,7.2,2.66,2.26
6.7,14.0,0.052313043244166746,0.01242097298575695,30.294042587280273,0.0,0.007058823529411784,0.013517721783524086,1.3707455396652222,0.0431170301781616,0.07,2.33,0.011204746347724948,0.07797852525454108,0.07,0.08,0.08,0.01557758795574915,0.012328701961954458,0.01538809488600279,18.40999984741211,13.720000267028809,13.699999809265137,6.6,6.9,2.33,2.47
6.7,13.880000114440918,-0.009844960940532776,0.07797852525454108,31.434727986653645,0.0,0.0046511627906977715,0.03811990988851809,1.3752131462097168,0.006932165418227054,0.08,2.29,0.016126949139408042,-0.01439339743566137,0.07,0.09,0.08,0.011204746347724948,0.015128383667573297,0.010947341081747997,14.0,18.40999984741211,13.720000267028809,6.7,6.7,2.33,2.66
6.2,13.40999984741211,-0.018113840658768643,-0.01439339743566137,32.20174821217855,0.0,0.007112375533428139,0.04752082915602396,1.3813681602478027,0.006200789153414155,0.09,2.25,0.02015125303606169,0.013366134469032565,0.08,0.07,0.09,0.016126949139408042,0.01557758795574915,0.00876799143491147,13.880000114440918,14.0,18.40999984741211,6.7,6.6,2.29,2.33
6.3,11.399999618530273,0.029777434171992967,0.013366134469032565,32.671387354532875,0.0,0.004908926495285071,0.047395366784936006,1.3634566068649292,0.02103028007328045,0.09,2.11,0.02166947687079812,0.025749107972702356,0.09,0.07,0.08,0.02015125303606169,0.011204746347724948,0.012328701961954458,13.40999984741211,13.880000114440918,14.0,6.2,6.7,2.25,2.33
6.1,11.569999694824219,-0.018388865065343207,0.025749107972702356,33.34729512532552,-0.1,0.004903225806451639,0.02055622527289808,1.3644425868988037,0.019058331749470137,0.1,2.06,0.020589816945944195,0.035011950026744953,0.09,0.08,0.09,0.02166947687079812,0.016126949139408042,0.015128383667573297,11.399999618530273,13.40999984741211,13.880000114440918,6.3,6.7,2.11,2.29
6.2,16.950000762939453,-0.026296835686224318,0.035011950026744953,34.16824817657471,-0.1,0.0037623248572911105,0.010860322331536323,1.3396027088165283,-0.015079830845342368,0.09,2.05,0.019742378703305974,0.052595389409699544,0.1,0.09,0.07,0.020589816945944195,0.02015125303606169,0.01557758795574915,11.569999694824219,11.399999618530273,13.40999984741211,6.1,6.2,2.06,2.25
6.1,12.09000015258789,-0.022511960127261754,0.052595389409699544,35.24211565653483,-0.1,0.0036278828712099642,0.013636350993127367,1.313456416130066,0.037655295579825276,0.09,1.87,0.017150983482969062,0.026844373456994308,0.09,0.09,0.07,0.019742378703305974,0.02166947687079812,0.011204746347724948,16.950000762939453,11.569999694824219,11.399999618530273,6.2,6.3,2.05,2.11
5.9,16.309999465942383,-0.05002079479114929,0.026844373456994308,36.07454172770182,-0.2,0.003223726627981982,0.01315928993875438,1.269083857536316,-0.015513837249453988,0.09,1.94,0.016840509711232077,0.012726730330013813,0.09,0.1,0.08,0.017150983482969062,0.020589816945944195,0.016126949139408042,12.09000015258789,16.950000762939453,11.569999694824219,6.1,6.1,1.87,2.06
5.7,14.029999732971191,-0.1164984896879313,0.012726730330013813,37.07208251953125,-0.2,0.0037438678027370553,0.020215227951841275,1.2613362073898315,0.023201460667203078,0.09,1.85,0.016095417021513292,0.018317152035111528,0.09,0.09,0.09,0.016840509711232077,0.019742378703305974,0.02015125303606169,16.309999465942383,12.09000015258789,16.950000762939453,5.9,6.2,1.94,2.05
5.8,13.329999923706055,-0.17866897474636334,0.018317152035111528,38.11569849650065,-0.2,0.0028427445406382645,0.007109549534246117,1.2437965869903564,0.02453358864631494,0.09,1.71,0.01231524989320798,-0.022318047949683506,0.09,0.09,0.09,0.016095417021513292,0.017150983482969062,0.02166947687079812,14.029999732971191,16.309999465942383,12.09000015258789,5.7,6.1,1.85,1.87
5.6,19.200000762939453,-0.19470900636451804,-0.022318047949683506,38.86248779296875,-0.2,-0.0016737479078150486,0.02202501902124886,1.2162047624588013,-0.004188587515997044,0.12,1.5,0.006531213919623191,-0.13024755621249606,0.09,0.09,0.1,0.01231524989320798,0.016840509711232077,0.020589816945944195,13.329999923706055,14.029999732971191,16.309999465942383,5.8,5.9,1.71,1.94
5.7,20.969999313354492,-0.09442460552041898,-0.13024755621249606,38.547353744506836,-0.2,-0.005989583333333215,0.07678049966012811,1.1287955045700073,-0.031040805838410623,0.11,1.21,-0.002299309782054282,0.08539605801660888,0.12,0.09,0.09,0.006531213919623191,0.016095417021513292,0.019742378703305974,19.200000762939453,13.329999923706055,14.029999732971191,5.6,5.7,1.5,1.85
5.5,13.34000015258789,0.055363973757245555,0.08539605801660888,38.40347671508789,-0.2,-0.0029854620976116353,0.10782182504465507,1.119795799255371,0.0548925108906233,0.11,1.37,-0.0008703146293520536,-0.06614911168518722,0.11,0.09,0.09,-0.002299309782054282,0.01231524989320798,0.017150983482969062,20.969999313354492,19.200000762939453,13.329999923706055,5.7,5.8,1.21,1.71
5.4,15.289999961853027,0.08168426601620227,-0.06614911168518722,37.67773882548014,-0.2,-0.0006430041152264421,0.110737465361817,1.0830246210098267,-0.017396107114219572,0.11,1.38,-0.00022031284423873476,0.19626142529395363,0.11,0.12,0.09,-0.0008703146293520536,0.006531213919623191,0.016840509711232077,13.34000015258789,20.969999313354492,19.200000762939453,5.5,5.6,1.37,1.5
5.4,14.550000190734863,0.08281615212251703,0.19626142529395363,38.00805981953939,-0.2,0.0020544427324089565,0.13172974736125964,1.1114321947097778,0.008520819822535275,0.12,1.47,-0.0010403098939391064,-0.036595264956574725,0.11,0.11,0.09,-0.00022031284423873476,-0.002299309782054282,0.016095417021513292,15.289999961853027,13.34000015258789,20.969999313354492,5.4,5.7,1.38,1.21
5.6,13.84000015258789,0.011235924147980025,-0.036595264956574725,37.963147481282554,-0.2,0.006041907700218507,0.1437329456367896,1.0960345268249512,0.010491382304589791,0.12,1.51,0.0003503321824429584,-0.05170857702472953,0.12,0.11,0.09,-0.0010403098939391064,-0.0008703146293520536,0.01231524989320798,14.550000190734863,15.289999961853027,13.34000015258789,5.4,5.5,1.47,1.37
5.3,18.229999542236328,-0.013764478057361251,-0.05170857702472953,37.72263272603353,-0.2,0.00500770416024654,0.13900825661690488,1.122296690940857,-0.021011671979729973,0.13,1.71,0.001795718097550525,0.05775733123045845,0.12,0.11,0.12,0.0003503321824429584,-0.00022031284423873476,0.006531213919623191,13.84000015258789,14.550000190734863,15.289999961853027,5.6,5.4,1.51,1.38
5.2,12.119999885559082,-0.20766776585366853,0.05775733123045845,38.70605214436849,-0.2,0.0054284606436603156,0.05932061148122136,1.0939244031906128,0.019742029435184882,0.13,1.53,0.0022568611104094582,-0.0680940744796884,0.13,0.12,0.11,0.001795718097550525,-0.0010403098939391064,-0.002299309782054282,18.229999542236328,13.84000015258789,14.550000190734863,5.3,5.4,1.71,1.47
5.1,28.43000030517578,0.04414265446103838,-0.0680940744796884,38.743551890055336,-0.2,0.004260263361735239,0.06842251812110754,1.1214030981063843,-0.06258081825586559,0.14,1.47,0.002413037985344868,0.023710338007521425,0.13,0.12,0.11,0.0022568611104094582,0.0003503321824429584,-0.0008703146293520536,12.119999885559082,18.229999542236328,13.84000015258789,5.2,5.6,1.53,1.51
5.0,24.5,-0.08353659647597966,0.023710338007521425,39.3404598236084,-0.2,0.0020565552699227663,0.06509713795406641,1.1255937814712524,-0.026442831280001466,0.14,1.42,8.842961634170088e-05,0.18933530785328556,0.14,0.13,0.11,0.002413037985344868,0.001795718097550525,-0.00022031284423873476,28.43000030517578,12.119999885559082,18.229999542236328,5.1,5.3,1.47,1.71
5.0,15.069999694824219,0.03326679962128831,0.18933530785328556,40.01018206278483,-0.2,0.0038585209003214604,0.13046683338232526,1.100897192955017,0.08298311781266654,0.12,1.41,0.0012761656067050708,0.03248464722972022,0.14,0.13,0.12,8.842961634170088e-05,0.0022568611104094582,-0.0010403098939391064,24.5,28.43000030517578,12.119999885559082,5.0,5.2,1.42,1.53
5.1,16.1299991607666,-0.08103948731582455,0.03248464722972022,41.18131573994955,-0.2,0.0014173431258859281,0.09319401704400154,1.0583018064498901,0.0005048691103348713,0.12,1.27,0.004363182169185187,0.027671933389940673,0.12,0.14,0.12,0.0012761656067050708,0.002413037985344868,0.0003503321824429584,15.069999694824219,24.5,28.43000030517578,5.0,5.1,1.41,1.47
5.0,18.209999084472656,-0.1348698918884491,0.027671933389940673,42.91586430867513,-0.3,0.0024503482073767735,0.09197856507127818,1.093398094177246,-0.017530185032692547,0.24,1.21,0.006387247515364791,-0.0070297798752855245,0.12,0.14,0.13,0.004363182169185187,8.842961634170088e-05,0.001795718097550525,16.1299991607666,15.069999694824219,24.5,5.1,5.0,1.27,1.42
4.8,20.200000762939453,-0.09233266466278345,-0.0070297798752855245,44.22724278767904,-0.3,0.003143830233167444,0.021559070277891675,1.0825908184051514,-0.0507353220469523,0.34,1.18,0.012375025026943876,-0.07642016390962103,0.24,0.12,0.13,0.006387247515364791,0.0012761656067050708,0.0022568611104094582,18.209999084472656,16.1299991607666,15.069999694824219,5.0,5.0,1.21,1.41
4.9,20.549999237060547,0.003866777877614469,-0.07642016390962103,45.38253847757975,-0.3,-0.0013019138133056884,0.053000627386532,1.0923947095870972,-0.0041283603090035426,0.38,0.96,0.008472775790126619,0.09328899263658363,0.34,0.12,0.14,0.012375025026943876,0.004363182169185187,0.002413037985344868,20.200000762939453,18.209999084472656,16.1299991607666,4.8,5.1,1.18,1.27
5.0,13.949999809265137,0.1360000045211227,0.09328899263658363,47.08068402608236,-0.4,-0.0005147342684338474,0.08532299351126964,1.1334655284881592,0.06599111444005845,0.36,1.05,0.008916160965521946,-0.09704886216756403,0.38,0.24,0.14,0.008472775790126619,0.006387247515364791,8.842961634170088e-05,20.549999237060547,20.200000762939453,18.209999084472656,4.9,5.0,0.96,1.21
5.1,15.699999809265137,0.19770469447548455,-0.09704886216756403,46.78081448872884,-0.4,-0.0025627883136852825,0.10444714770230791,1.1448328495025635,0.0026993982833325436,0.37,1.06,0.011726257503534843,0.06276324351391538,0.36,0.34,0.12,0.008916160965521946,0.012375025026943876,0.0012761656067050708,13.949999809265137,20.549999237060547,20.200000762939453,5.0,4.8,1.05,1.18
4.8,14.1899995803833,0.010140928978508379,0.06276324351391538,46.69264157613119,-0.4,-0.0012777919754665135,0.10222542854992364,1.1148396730422974,0.015324602525288444,0.37,0.97,0.010784764621246223,-0.02777554644006386,0.37,0.38,0.12,0.011726257503534843,0.008472775790126619,0.004363182169185187,15.699999809265137,13.949999809265137,20.549999237060547,5.1,4.9,1.06,0.96
4.9,15.630000114440918,0.041916657415347336,-0.02777554644006386,46.17107137044271,-0.4,0.00038328861632819233,0.08014151429457053,1.1128050088882446,0.0009109212401243738,0.38,0.91,0.010792865347959424,0.10768030967997277,0.37,0.36,0.24,0.010784764621246223,0.008916160965521946,0.006387247515364791,14.1899995803833,15.699999809265137,13.949999809265137,4.8,5.0,0.97,1.05
4.8,11.869999885559082,-0.1392510470092554,0.10768030967997277,46.519971211751304,-0.4,0.0016711659596349016,0.06899650266077359,1.1168068647384644,0.035609800753315435,0.39,0.79,0.008683633430518256,0.013761672419876358,0.38,0.37,0.34,0.010792865347959424,0.011726257503534843,0.012375025026943876,15.630000114440918,14.1899995803833,15.699999809265137,4.9,5.1,0.91,1.06
4.9,13.420000076293945,0.07451928852225409,0.013761672419876358,47.59704399108887,-0.4,0.0023139220979560005,0.06939541283185827,1.1153244972229004,-0.0012192428990193127,0.4,0.78,0.010553158595656864,0.008684436550115082,0.39,0.37,0.38,0.008683633430518256,0.010784764621246223,0.008472775790126619,11.869999885559082,15.630000114440918,14.1899995803833,4.8,4.8,0.79,0.97
5.0,13.289999961853027,0.07919465000238524,0.008684436550115082,48.05669720967611,-0.4,0.003976398152898852,0.055747453821697324,1.121956706047058,-0.0012344511393173052,0.4,0.83,0.015486446201652182,0.040277684306139205,0.4,0.38,0.36,0.010553158595656864,0.010792865347959424,0.008916160965521946,13.420000076293945,11.869999885559082,15.630000114440918,4.9,4.9,0.78,0.91
4.9,17.059999465942383,-0.028606986320467653,0.040277684306139205,49.64712397257487,-0.4,0.005124919923126248,0.01696570321856807,1.0984665155410767,-0.01942567890903446,0.4,0.98,0.01685924966243646,0.0056740657592389,0.4,0.39,0.37,0.015486446201652182,0.008683633430518256,0.011726257503534843,13.289999961853027,13.420000076293945,11.869999885559082,5.0,4.8,0.83,0.79
4.7,13.329999923706055,0.05505757538952083,0.0056740657592389,50.829062143961586,-0.4,0.005790015440041207,0.019168576945144313,1.0648492574691772,0.034174521829295035,0.41,1.26,0.016843334719788938,0.038164761675793635,0.4,0.4,0.37,0.01685924966243646,0.010553158595656864,0.010784764621246223,17.059999465942383,13.289999961853027,13.420000076293945,4.9,4.9,0.98,0.78
4.7,14.039999961853027,0.08656963416018293,0.038164761675793635,52.56862004597982,-0.4,0.010935288820275169,0.019397251436407456,1.0520004034042358,0.01820076244186586,0.54,1.25,0.020507989115119862,0.04039246610616365,0.41,0.4,0.38,0.016843334719788938,0.015486446201652182,0.010792865347959424,13.329999923706055,17.059999465942383,13.289999961853027,4.7,5.0,1.26,0.83
4.7,11.989999771118164,-0.0027645417932316008,0.04039246610616365,53.86998430887858,-0.4,0.01736745886654467,0.019433541926355456,1.0708587169647217,0.01788435819838252,0.65,1.26,0.025103933482571117,-0.010363539693441726,0.54,0.4,0.39,0.020507989115119862,0.01685924966243646,0.008683633430518256,14.039999961853027,13.329999923706055,17.059999465942383,4.7,4.9,1.25,0.98
4.6,12.920000076293945,0.00818547867669217,-0.010363539693441726,54.95593007405599,-0.4,0.019554165037152904,0.028682546451172568,1.0584250688552856,0.03719816006681631,0.66,1.14,0.028103616813294208,0.03562495690609757,0.65,0.41,0.4,0.025103933482571117,0.016843334719788938,0.010553158595656864,11.989999771118164,14.039999961853027,13.329999923706055,4.7,4.7,1.26,1.26
4.4,12.369999885559082,-0.06313645534872347,0.03562495690609757,56.30916213989258,-0.4,0.015449980687524123,0.028029279596486732,1.0687072277069092,-0.0003891971352694146,0.79,1.13,0.0244119623655914,0.03947739426286678,0.66,0.54,0.4,0.028103616813294208,0.020507989115119862,0.015486446201652182,12.920000076293945,11.989999771118164,14.039999961853027,4.6,4.7,1.14,1.25
4.4,10.819999694824219,-0.025098748643558433,0.03947739426286678,57.70896657307943,-0.4,0.01888489208633093,0.02773055411969143,1.0907504558563232,0.009091208748854607,0.9,1.01,0.02176223471915395,0.02015750591042087,0.79,0.65,0.4,0.0244119623655914,0.025103933482571117,0.01685924966243646,12.369999885559082,12.920000076293945,11.989999771118164,4.4,4.7,1.13,1.26
4.4,10.40999984741211,-0.020474398920347192,0.02015750591042087,59.26594479878744,-0.4,0.01394575230296824,0.010225306840078139,1.117168664932251,0.011576251246328662,0.91,0.93,0.018563431667619756,-0.007372255281426376,0.9,0.66,0.41,0.02176223471915395,0.028103616813294208,0.016843334719788938,10.819999694824219,12.369999885559082,12.920000076293945,4.4,4.6,1.01,1.14
4.3,11.180000305175781,-0.047185405498690325,-0.007372255281426376,60.403692881266274,-0.4,0.013026819923371624,0.02354441016339917,1.144164800643921,0.004813775207812565,1.04,0.93,0.01640565809959127,0.05469317886213898,0.91,0.79,0.54,0.018563431667619756,0.0244119623655914,0.020507989115119862,10.40999984741211,10.819999694824219,12.369999885559082,4.4,4.4,0.93,1.13
4.3,10.260000228881836,0.08970454325132504,0.05469317886213898,61.73660786946615,-0.4,0.013347022587268942,0.031098549196968066,1.1747292280197144,0.019348826001101882,1.15,0.96,0.017251073506566073,0.02847321410929382,1.04,0.9,0.65,0.01640565809959127,0.02176223471915395,0.025103933482571117,11.180000305175781,10.40999984741211,10.819999694824219,4.3,4.4,0.93,1.01
4.4,10.59000015258789,-0.05860073219075401,0.02847321410929382,63.48308563232422,-0.4,0.015390534821084989,0.031156867469069007,1.1893434524536133,0.000546433019853243,1.16,0.79,0.0192812155729698,0.0015630313865735435,1.15,0.91,0.66,0.017251073506566073,0.018563431667619756,0.028103616813294208,10.260000228881836,11.180000305175781,10.40999984741211,4.3,4.4,0.96,0.93
4.3,9.510000228881836,0.09400801756812283,0.0015630313865735435,64.90627670288086,-0.4,0.015587070397342417,0.026565820950317592,1.1741636991500854,0.019302978562167672,1.15,0.86,0.021805652303711787,0.11666020720023917,1.16,1.04,0.79,0.0192812155729698,0.01640565809959127,0.0244119623655914,10.59000015258789,10.260000228881836,11.180000305175781,4.4,4.3,0.79,0.93
4.2,10.180000305175781,0.042343165364585156,0.11666020720023917,67.26055399576823,-0.4,0.013766730401529648,0.06020584628986693,1.1652703285217285,0.02218813506615125,1.15,0.78,0.02020757753132485,0.011901805608295346,1.15,1.15,0.9,0.021805652303711787,0.017251073506566073,0.02176223471915395,9.510000228881836,10.59000015258789,10.260000228881836,4.3,4.3,0.86,0.96
4.2,11.279999732971191,0.0657681433841848,0.011901805608295346,69.55778821309407,-0.4,0.015223231418702854,0.06367701421600078,1.18519926071167,0.028082627806563343,1.16,0.64,0.02172493864295566,0.021380684654855653,1.15,1.16,0.91,0.02020757753132485,0.0192812155729698,0.018563431667619756,10.180000305175781,9.510000228881836,10.59000015258789,4.2,4.4,0.78,0.79
4.1,11.039999961853027,0.052613180536325244,0.021380684654855653,72.20636876424153,-0.4,0.013489437515907365,0.05794014047353031,1.2000048160552979,0.009831630594270502,1.3,0.51,0.021299307195522532,0.11070814321198119,1.16,1.15,1.04,0.02172493864295566,0.021805652303711787,0.01640565809959127,11.279999732971191,10.180000305175781,9.510000228881836,4.2,4.3,0.64,0.86
4.0,13.539999961853027,0.07133408339299718,0.11070814321198119,75.73261642456055,-0.4,0.012963676036452432,0.05451595538755581,1.2409565448760986,0.05617870412552817,1.41,0.58,0.02151318868063945,-0.01305092071306202,1.3,1.15,1.15,0.021299307195522532,0.02020757753132485,0.017251073506566073,11.039999961853027,11.279999732971191,10.180000305175781,4.1,4.2,0.51,0.78
4.1,19.850000381469727,-0.04773681147900277,-0.01305092071306202,78.75589370727539,-0.4,0.011251758087201358,0.06387649046413706,1.2230321168899536,-0.0389473718793677,1.42,0.62,0.02263468931091861,-0.02208896677721861,1.41,1.16,1.16,0.02151318868063945,0.02172493864295566,0.0192812155729698,13.539999961853027,11.039999961853027,11.279999732971191,4.0,4.2,0.58,0.64
4.0,19.969999313354492,0.053536714543056974,-0.02208896677721861,81.4447021484375,-0.4,0.013947001394700065,0.07419912915228455,1.2331976890563965,-0.02688449860055664,1.51,0.47,0.023309497646499366,0.024651808438199474,1.42,1.3,1.15,0.02263468931091861,0.021299307195522532,0.021805652303711787,19.850000381469727,13.539999961853027,11.039999961853027,4.1,4.1,0.62,0.51
4.0,15.930000305175781,0.01364181309840351,0.024651808438199474,83.1568374633789,-0.4,0.012356575463371655,0.024792075783233357,1.2122827768325806,0.0027187749953683227,1.69,0.46,0.024709963021052994,0.056886556591627446,1.51,1.41,1.15,0.023309497646499366,0.02151318868063945,0.02020757753132485,19.969999313354492,19.850000381469727,13.539999961853027,4.0,4.0,0.47,0.58
3.8,15.430000305175781,0.01844409365746169,0.056886556591627446,85.53578058878581,-0.4,0.0194321766561516,0.03970917683113137,1.1667250394821167,0.0216083418545836,1.7,0.43,0.02781921607842497,0.0019973385564204804,1.69,1.42,1.16,0.024709963021052994,0.02263468931091861,0.02172493864295566,15.930000305175781,19.969999313354492,19.850000381469727,4.0,4.1,0.46,0.62
4.0,16.09000015258789,0.10605609357479584,0.0019973385564204804,87.67120361328125,-0.4,0.01966717095310133,0.027583600957380106,1.1704941987991333,0.00484243626760783,1.82,0.33,0.028075506935940187,0.07575300286185782,1.7,1.51,1.3,0.02781921607842497,0.023309497646499366,0.021299307195522532,15.430000305175781,15.930000305175781,19.969999313354492,3.8,4.0,0.43,0.47
3.8,12.829999923706055,-0.024576526426771328,0.07575300286185782,89.51109568277995,-0.4,0.0220364741641339,0.03831593895608884,1.1707408428192139,0.03602155617289915,1.91,0.29,0.02854124785561929,0.058917802640491956,1.82,1.69,1.41,0.028075506935940187,0.024709963021052994,0.02151318868063945,16.09000015258789,15.430000305175781,15.930000305175781,4.0,4.0,0.33,0.46
3.8,12.859999656677246,-0.0349472011091122,0.058917802640491956,92.50514475504558,-0.4,0.02084122773777941,0.038650703346717864,1.1664663553237915,0.030263211276748248,1.91,0.24,0.026429238568742575,0.022078768294660822,1.91,1.7,1.42,0.02854124785561929,0.02781921607842497,0.02263468931091861,12.829999923706055,16.09000015258789,15.430000305175781,3.8,3.8,0.29,0.43
3.7,12.119999885559082,0.049426888214946896,0.022078768294660822,96.19871012369792,-0.4,0.020757327965782002,0.02745135659793305,1.162304162979126,0.0042942874264617625,1.95,0.24,0.02332055105808828,-0.06610117162011298,1.91,1.82,1.51,0.026429238568742575,0.028075506935940187,0.023309497646499366,12.859999656677246,12.829999923706055,16.09000015258789,3.8,4.0,0.24,0.33
3.8,21.229999542236328,-0.10839593776663825,-0.06610117162011298,98.37538274129231,-0.4,0.02275870740601027,0.06424245763781704,1.1346358060836792,-0.0694033560936963,2.19,0.28,0.02492032470218053,0.038198629152183194,1.95,1.91,1.69,0.02332055105808828,0.02854124785561929,0.024709963021052994,12.119999885559082,12.859999656677246,12.829999923706055,3.7,3.8,0.24,0.29
3.8,18.06999969482422,-0.22018064294852802,0.038198629152183194,100.36665598551433,-0.4,0.01927923387096775,0.05614564417444411,1.1392766237258911,0.01785935665477978,2.2,0.21,0.02147328577667773,-0.08009018574903803,2.19,1.91,1.7,0.02492032470218053,0.026429238568742575,0.02781921607842497,21.229999542236328,12.119999885559082,12.859999656677246,3.8,3.8,0.28,0.24
3.9,25.420000076293945,-0.10838406488685415,-0.08009018574903803,100.95174789428711,-0.4,0.015193370165745845,0.06463536788293675,1.1439945697784424,-0.09177689467997252,2.27,0.21,0.020023809043401064,0.028157968954492185,2.2,1.95,1.82,0.02147328577667773,0.02332055105808828,0.028075506935940187,18.06999969482422,21.229999542236328,12.119999885559082,3.8,3.7,0.21,0.24
4.0,16.56999969482422,0.18454087417471787,0.028157968954492185,100.82902399698894,-0.4,0.0138114546376078,0.06558800904720867,1.1487650871276855,0.07868440166582613,2.4,0.18,0.014875893578291333,0.07277582130735971,2.27,2.19,1.91,0.020023809043401064,0.02492032470218053,0.02854124785561929,25.420000076293945,18.06999969482422,21.229999542236328,3.9,3.8,0.21,0.28
3.8,14.779999732971191,0.06376650393745686,0.07277582130735971,100.92423248291016,-0.4,0.01491971172082418,0.07860919354489058,1.1380189657211304,0.029728889343927145,2.4,0.21,0.015188615351321877,0.057249893600304524,2.4,2.2,1.91,0.014875893578291333,0.02147328577667773,0.026429238568742575,16.56999969482422,25.420000076293945,18.06999969482422,4.0,3.8,0.18,0.21
3.8,13.710000038146973,0.05103107491526604,0.057249893600304524,101.63458633422852,-0.4,0.014005251969488652,0.02265004510423999,1.1233052015304565,0.01792425624958849,2.41,0.14,0.018831863513063984,0.10734259820915804,2.4,2.27,1.95,0.015188615351321877,0.020023809043401064,0.02332055105808828,14.779999732971191,16.56999969482422,25.420000076293945,3.8,3.9,0.21,0.21
3.7,13.119999885559082,0.0626870717662924,0.10734259820915804,105.49423853556316,-0.4,0.017187694607049497,0.025642398326382706,1.1185182332992554,0.03931349831373798,2.42,0.24,0.020005834702090608,-0.052986018287310754,2.41,2.4,2.19,0.018831863513063984,0.014875893578291333,0.02492032470218053,13.710000038146973,14.779999732971191,16.56999969482422,3.8,4.0,0.14,0.18
3.6,18.709999084472656,-0.16288530546497315,-0.052986018287310754,107.64058176676433,-0.4,0.012253991830672106,0.08202286326831454,1.1131147146224976,-0.0657777313668354,2.39,0.19,0.017959105553606136,0.08712707220127491,2.42,2.4,2.2,0.020005834702090608,0.015188615351321877,0.02147328577667773,13.119999885559082,13.710000038146973,14.779999732971191,3.7,3.8,0.24,0.21
3.6,15.079999923706055,0.09289721907856308,0.08712707220127491,112.84650802612305,-0.4,0.012734915924826895,0.08731705721651199,1.1390948295593262,0.0689301639982407,2.38,0.25,0.01671194894390049,0.01724404660164458,2.39,2.41,2.27,0.017959105553606136,0.018831863513063984,0.020023809043401064,18.709999084472656,13.119999885559082,13.710000038146973,3.6,3.8,0.19,0.14
3.7,16.1200008392334,0.0018813170524205614,0.01724404660164458,117.96973419189453,-0.4,0.01016109045848812,0.07005661687464898,1.1157974004745483,0.013128152166957952,2.4,0.13,0.01826331335037068,0.011667709294124418,2.38,2.42,2.4,0.01671194894390049,0.020005834702090608,0.014875893578291333,15.079999923706055,18.709999084472656,13.119999885559082,3.6,3.7,0.25,0.24
3.6,18.979999542236328,-0.05940599604230057,0.011667709294124418,122.1598612467448,-0.4,0.010146003464489128,0.04204927319046649,1.1012003421783447,-0.018091627240523933,2.13,0.0,0.017376412106666406,0.011844971321524733,2.4,2.39,2.4,0.01826331335037068,0.017959105553606136,0.015188615351321877,16.1200008392334,15.079999923706055,18.709999084472656,3.7,3.6,0.13,0.19
3.5,16.239999771118164,-0.0039673179437409445,0.011844971321524733,125.60819880167644,-0.5,0.00838057678087245,0.0031695681481356823,1.0942714214324951,0.017181177931020697,2.04,0.05,0.016844977040391562,0.031216207764573678,2.13,2.38,2.41,0.017376412106666406,0.01671194894390049,0.018831863513063984,18.979999542236328,16.1200008392334,15.079999923706055,3.6,3.6,0.10411999999999999,0.25
3.6,13.220000267028809,-0.012780267371775955,0.031216207764573678,127.76130930582683,-0.5,0.007253503811162965,0.011235509301674426,1.1154489517211914,0.020431770513684056,1.83,0.17,0.017339736996186295,0.055869497040039295,2.04,2.4,2.42,0.016844977040391562,0.01826331335037068,0.020005834702090608,16.239999771118164,18.979999542236328,16.1200008392334,3.5,3.7,0.05,0.13
3.6,12.619999885559082,0.01827238571785239,0.055869497040039295,132.25605265299478,-0.5,0.009642724687847659,0.02206501128548878,1.1019999980926514,0.034047037714499906,1.55,0.17,0.020922903948629168,0.04529394600595382,1.83,2.13,2.39,0.017339736996186295,0.017376412106666406,0.017959105553606136,13.220000267028809,16.239999771118164,18.979999542236328,3.6,3.6,0.17,0.10411999999999999
3.6,13.779999732971191,-0.029350621580635727,0.04529394600595382,136.1459528605143,-0.5,0.013358070500927743,0.012368034509487067,1.120229721069336,0.02858981890573009,1.55,0.34,0.023195274699624457,0.079454540273306,1.55,2.04,2.38,0.020922903948629168,0.016844977040391562,0.01671194894390049,12.619999885559082,13.220000267028809,16.239999771118164,3.6,3.5,0.17,0.05
3.6,18.84000015258789,-0.037174530839303555,0.079454540273306,141.65189107259116,-0.5,0.013623297087863806,0.017488294869656255,1.1029127836227417,-0.0016280928190489652,1.55,0.18,0.02599767976845202,-0.04828720746007564,1.55,1.83,2.4,0.023195274699624457,0.017339736996186295,0.01826331335037068,13.779999732971191,12.619999885559082,13.220000267028809,3.6,3.6,0.34,0.17
3.5,40.11000061035156,-0.13188523798760665,-0.04828720746007564,145.61066182454428,-0.5,0.012208795315809207,0.06613412205348332,1.1030004024505615,-0.08411048363840312,1.58,0.27,0.023413166797595197,-0.02388282139359621,1.55,1.55,2.13,0.02599767976845202,0.020922903948629168,0.017376412106666406,18.84000015258789,13.779999732971191,12.619999885559082,3.6,3.6,0.18,0.17
4.4,53.540000915527344,-0.21984750968695366,-0.02388282139359621,148.7024358113607,-0.5,0.007399186089530163,0.06781363983931368,1.1030466556549072,-0.12511928240892822,0.65,0.47,0.014940399642909163,0.13632614930250586,1.58,1.55,2.04,0.023413166797595197,0.023195274699624457,0.016844977040391562,40.11000061035156,18.84000015258789,13.779999732971191,3.5,3.6,0.27,0.34
14.8,34.150001525878906,-0.4604752883963338,0.13632614930250586,154.5151392618815,-0.5,0.003183543528835653,0.10028673877598383,1.087725043296814,0.1268440381652789,0.05,0.44,0.003130472940411133,0.02254316680312085,0.65,1.55,1.83,0.014940399642909163,0.02599767976845202,0.017339736996186295,53.540000915527344,40.11000061035156,18.84000015258789,4.4,3.6,0.47,0.18
13.2,27.510000228881836,0.8837580356172043,0.02254316680312085,159.7070566813151,-0.5,0.000855955001222819,0.08243063121801424,1.1110000610351562,0.04528181966555822,0.05,0.49,0.001982013035848551,0.11365272793160242,0.05,1.58,1.55,0.003130472940411133,0.023413166797595197,0.020922903948629168,34.150001525878906,53.540000915527344,40.11000061035156,14.8,3.5,0.44,0.27
11.0,30.43000030517578,0.10650883630671548,0.11365272793160242,167.11734263102213,-0.5,0.0026858747405689165,0.06022403074097913,1.1247202157974243,0.01838839651392421,0.08,0.5,0.007166562831830481,0.0073705114995501475,0.05,0.65,1.55,0.001982013035848551,0.014940399642909163,0.023195274699624457,27.510000228881836,34.150001525878906,53.540000915527344,13.2,4.4,0.49,0.47
10.2,24.459999084472656,0.02546473105024627,0.0073705114995501475,172.78744761149088,-0.5,0.003925417075564264,0.05748488370533468,1.1872254610061646,0.055101321480443666,0.09,0.44,0.009968647625897997,0.10009260787270069,0.08,0.05,1.55,0.007166562831830481,0.003130472940411133,0.02599767976845202,30.43000030517578,27.510000228881836,34.150001525878906,11.0,14.8,0.5,0.44
8.4,26.40999984741211,0.05810777566397474,0.10009260787270069,183.01309458414713,-0.5,-0.001714845663890241,0.057846310083348215,1.1918240785598755,0.07006466690171775,0.1,0.58,0.012810698495523853,-0.06514223486008064,0.09,0.05,1.58,0.009968647625897997,0.001982013035848551,0.023413166797595197,24.459999084472656,30.43000030517578,27.510000228881836,10.2,13.2,0.44,0.49
7.8,26.3700008392334,-0.05609010456263208,-0.06514223486008064,191.5172373453776,-0.5,-0.0031777071620630037,0.08282314369926541,1.1742050647735596,-0.039227970178423055,0.09,0.56,0.013910228912373812,-0.037369914278320704,0.1,0.08,0.65,0.012810698495523853,0.007166562831830481,0.014940399642909163,26.40999984741211,24.459999084472656,30.43000030517578,8.4,11.0,0.58,0.5
6.9,38.02000045776367,-0.11014421110697159,-0.037369914278320704,195.36668650309244,-0.5,-0.0026852190894667283,0.0884776808386755,1.1676785945892334,-0.027665786221379718,0.09,0.74,0.012303863428671624,0.05729240454587403,0.09,0.09,0.05,0.013910228912373812,0.009968647625897997,0.003130472940411133,26.3700008392334,26.40999984741211,24.459999084472656,7.8,10.2,0.56,0.44
6.7,20.56999969482422,0.14658199754981105,0.05729240454587403,200.42258961995444,-0.5,-0.002938655565078885,0.06419046829830706,1.1971460580825806,0.10754563544385909,0.09,0.68,0.011757452138405844,0.04172601302365142,0.09,0.1,0.05,0.012303863428671624,0.012810698495523853,0.001982013035848551,38.02000045776367,26.3700008392334,26.40999984741211,6.9,8.4,0.74,0.58
6.7,22.75,0.18237154150601076,0.04172601302365142,203.6027374267578,-0.5,-0.0028072745026241908,0.05075994626007717,1.2299896478652954,0.03712145909357001,0.09,0.8,0.013204191315779434,0.04289197446487414,0.09,0.09,0.08,0.011757452138405844,0.013910228912373812,0.007166562831830481,20.56999969482422,38.02000045776367,26.3700008392334,6.7,7.8,0.68,0.56
6.4,33.09000015258789,0.07584501794016263,0.04289197446487414,208.06695048014322,-0.5,0.00912453760789167,0.008670297934359378,1.213900089263916,-0.011136660755445171,0.09,1.0,0.013738437137002402,0.001810636214868211,0.09,0.09,0.09,0.013204191315779434,0.012303863428671624,0.009968647625897997,22.75,20.56999969482422,38.02000045776367,6.7,6.9,0.8,0.74
6.2,27.950000762939453,0.17816090232058546,0.001810636214868211,209.340451558431,-0.5,0.009353846153846268,0.023389004269389124,1.2073606252670288,0.026091451377448394,0.08,1.3,0.016698167791706853,0.016924856097124463,0.09,0.09,0.1,0.013738437137002402,0.011757452138405844,0.012810698495523853,33.09000015258789,22.75,20.56999969482422,6.4,6.7,1.0,0.68
6.1,19.399999618530273,-0.03804878296890879,0.016924856097124463,213.57390594482422,-0.5,0.01334312645366631,0.020778222699841975,1.1723604202270508,0.042438632533165155,0.07,1.58,0.026678187820641908,0.06960164731400953,0.08,0.09,0.09,0.016698167791706853,0.013204191315779434,0.013910228912373812,27.950000762939453,33.09000015258789,22.75,6.2,6.7,1.3,0.8
6.1,18.610000610351562,0.0747126774009943,0.06960164731400953,221.6826146443685,-0.5,0.016111314536799703,0.03558769722202801,1.2127091884613037,0.05242532134755851,0.07,1.49,0.04133077115360573,-0.009913350640126217,0.07,0.09,0.09,0.026678187820641908,0.013738437137002402,0.012303863428671624,19.399999618530273,27.950000762939453,33.09000015258789,6.1,6.4,1.58,1.0
5.8,16.760000228881836,0.043095278151300986,-0.009913350640126217,227.54546356201172,-0.5,0.019792302993280497,0.040451140431853036,1.2190067768096924,0.00548648867060697,0.06,1.44,0.04918257089467626,0.08749414538998113,0.07,0.08,0.09,0.04133077115360573,0.016698167791706853,0.011757452138405844,18.610000610351562,19.399999618530273,27.950000762939453,6.1,6.2,1.49,1.3
5.9,15.829999923706055,0.10781063870295693,0.08749414538998113,235.4804890950521,-0.5,0.0189942773651528,0.05185074199067336,1.1901928186416626,0.022214009565834747,0.08,1.2,0.05295632620349999,0.05171632052663422,0.06,0.07,0.09,0.04918257089467626,0.026678187820641908,0.013204191315779434,16.760000228881836,18.610000610351562,19.399999618530273,5.8,6.1,1.44,1.58
5.4,18.239999771118164,0.006533220628337277,0.05171632052663422,244.13905334472656,-0.5,0.021627565982404562,0.049272185194304034,1.1867802143096924,0.02274805482838871,0.1,1.05,0.05245169381309234,0.05956275858059645,0.08,0.07,0.09,0.05295632620349999,0.04133077115360573,0.013738437137002402,15.829999923706055,16.760000228881836,18.610000610351562,5.9,6.1,1.2,1.49
5.1,16.479999542236328,0.005815021994735492,0.05956275858059645,255.4508285522461,-0.5,0.02944785276073625,0.018805060095545525,1.1796904802322388,0.028990416255438634,0.09,1.1,0.05152015301793966,-0.06433123797481255,0.1,0.06,0.08,0.05245169381309234,0.04918257089467626,0.016698167791706853,18.239999771118164,15.829999923706055,16.760000228881836,5.4,5.8,1.05,1.44
4.7,23.139999389648438,0.008738650399043202,-0.06433123797481255,263.02206166585285,-0.5,0.033594899460519745,0.06937617843654158,1.1601601839065552,-0.047569168801901096,0.08,1.24,0.05351215590949132,0.17629131938379072,0.09,0.08,0.07,0.05152015301793966,0.05295632620349999,0.026678187820641908,16.479999542236328,18.239999771118164,15.829999923706055,5.1,5.9,1.1,1.2
4.5,16.260000228881836,0.11382115226534961,0.17629131938379072,275.95086669921875,-0.5,0.04050911761106346,0.12032905883413411,1.156136155128479,0.0691438364006065,0.08,1.07,0.06235042390298062,-0.003106149718039908,0.08,0.1,0.07,0.05351215590949132,0.05245169381309234,0.04133077115360573,23.139999389648438,16.479999542236328,18.239999771118164,4.7,5.4,1.24,1.05
4.1,27.190000534057617,-0.20808902061926726,-0.003106149718039908,289.1140492757161,-0.5,0.04875353063981325,0.12505410726427332,1.1293437480926514,-0.008333706184746159,0.08,0.91,0.06901970403700863,0.01919426653170664,0.08,0.09,0.06,0.06235042390298062,0.05152015301793966,0.04918257089467626,16.260000228881836,23.139999389648438,16.479999542236328,4.5,5.1,1.07,1.1
3.9,17.219999313354492,0.13644603713594505,0.01919426653170664,299.8026428222656,-0.5,0.04969400244798039,0.09777546087836897,1.132502794265747,0.04361291346206486,0.08,0.79,0.07174340285065539,-0.07534514522041547,0.08,0.08,0.08,0.06901970403700863,0.05351215590949132,0.05295632620349999,27.190000534057617,16.260000228881836,23.139999389648438,4.1,4.7,0.91,1.24
4.0,24.829999923706055,0.17205162344002423,-0.07534514522041547,304.1683654785156,-0.5,0.051075268817204256,0.04941909450563549,1.1152374744415283,-0.052585165027393854,0.08,0.61,0.07558805726967832,-0.03919865842641601,0.08,0.08,0.1,0.07174340285065539,0.06235042390298062,0.05245169381309234,17.219999313354492,27.190000534057617,16.260000228881836,3.9,4.5,0.79,1.07
3.9,30.149999618530273,0.08587634218703699,-0.03919865842641601,303.852533976237,-0.5,0.05877332032678928,0.04770395260903638,1.118105411529541,-0.031360491945908286,0.08,0.39,0.07937278766517819,0.03399546540919762,0.08,0.08,0.09,0.07558805726967832,0.06901970403700863,0.05152015301793966,24.829999923706055,17.219999313354492,27.190000534057617,4.0,4.1,0.61,0.91
3.7,20.559999465942383,0.04763892081530274,0.03399546540919762,308.2840067545573,-0.5,0.0744141096883304,0.05570654869412976,1.1161835193634033,0.03577328837154625,0.2,0.04,0.08572204966013852,-0.09986710471223692,0.08,0.08,0.08,0.07937278766517819,0.07174340285065539,0.05351215590949132,30.149999618530273,24.829999923706055,17.219999313354492,3.9,3.9,0.39,0.79
3.7,33.400001525878906,0.04397690183278935,-0.09986710471223692,299.7692616780599,-0.5,0.07447447447447453,0.06702888409523514,1.0546298027038574,-0.08795671180434306,0.33,0.19,0.08231750770777224,-0.020358763846614836,0.2,0.08,0.08,0.08572204966013852,0.07558805726967832,0.06235042390298062,20.559999465942383,30.149999618530273,24.829999923706055,3.7,4.0,0.04,0.61
3.6,26.190000534057617,0.00046814215903179246,-0.020358763846614836,290.5090077718099,-0.5,0.0805079669342279,0.06732402516278206,1.0773539543151855,5.317770464463578e-05,0.77,0.32,0.08538171195642064,-0.0531203998886981,0.33,0.08,0.08,0.08231750770777224,0.07937278766517819,0.06901970403700863,33.400001525878906,20.559999465942383,30.149999618530273,3.7,3.9,0.19,0.39
3.6,28.709999084472656,0.009747942711759272,-0.0531203998886981,277.90121205647785,-0.5,0.08639024973115061,0.03995863585262703,1.04465913772583,-0.08391999993382682,1.21,0.06,0.08979361103105798,0.09309660239603001,0.77,0.2,0.08,0.08538171195642064,0.08572204966013852,0.07174340285065539,26.190000534057617,33.400001525878906,20.559999465942383,3.6,3.7,0.32,0.04
3.5,21.329999923706055,-0.06751133931002895,0.09309660239603001,273.2345199584961,0.0,0.08862576246860421,0.07672989061478244,1.022704005241394,0.09111639173021002,1.68,-0.22,0.08462576727730098,-0.06864010940040322,1.21,0.33,0.08,0.08979361103105798,0.08231750770777224,0.07558805726967832,28.709999084472656,26.190000534057617,33.400001525878906,3.6,3.7,0.06,0.19
3.6,25.8700008392334,-0.09196916895379592,-0.06864010940040322,267.41502888997394,0.0,0.09153754469606667,0.08923661158513968,1.0025062561035156,-0.04244012827299837,2.33,-0.3,0.08222579178218825,-0.10737615167451753,1.68,0.77,0.08,0.08462576727730098,0.08538171195642064,0.07937278766517819,21.329999923706055,28.709999084472656,26.190000534057617,3.5,3.6,-0.22,0.32
3.5,31.6200008392334,-0.11233952925913171,-0.10737615167451753,255.424072265625,0.75,0.09928825622775816,0.10633952701795543,0.9829555749893188,-0.09339567201327437,2.56,-0.39,0.08192106896425821,-0.0033059405927242658,2.33,1.21,0.2,0.08222579178218825,0.08979361103105798,0.08572204966013852,25.8700008392334,21.329999923706055,28.709999084472656,3.6,3.6,-0.3,0.06
3.6,25.8799991607666,0.08856461321828868,-0.0033059405927242658,248.27267710367838,0.75,0.10621030345800997,0.052598547856161436,0.9955002665519714,0.0798634138370089,3.08,-0.41,0.07758813957693,0.09912543839194154,2.56,1.68,0.33,0.08192106896425821,0.08462576727730098,0.08231750770777224,31.6200008392334,25.8700008392334,21.329999923706055,3.5,3.5,-0.39,-0.22
3.6,20.579999923706055,-0.0691089311441182,0.09912543839194154,245.75863901774088,1.5,0.10046838407494141,0.10325187886529817,1.0324499607086182,0.053752893352493114,3.78,-0.7,0.07122856456533988,-0.05739656398708082,3.08,2.33,0.77,0.07758813957693,0.08222579178218825,0.08538171195642064,25.8799991607666,31.6200008392334,25.8700008392334,3.6,3.6,-0.41,-0.3
3.5,21.670000076293945,-0.0036002595225353984,-0.05739656398708082,243.2014592488607,2.0,0.09200093283582089,0.0794954088492213,1.0728462934494019,-0.05897147407473047,4.1,-0.53,0.06404600402357152,0.03331666328107241,3.78,2.56,1.21,0.07122856456533988,0.08192106896425821,0.08979361103105798,20.579999923706055,25.8799991607666,31.6200008392334,3.6,3.5,-0.7,-0.39
3.5,19.399999618530273,-0.014476323734612162,0.03331666328107241,238.07791900634766,2.0,0.08637526156707742,0.07859052287196731,1.0850694179534912,0.0617528578346791,4.33,-0.69,0.06327178517960097,0.006496945048792613,4.1,3.08,1.68,0.06404600402357152,0.07758813957693,0.08462576727730098,21.670000076293945,20.579999923706055,25.8799991607666,3.5,3.6,-0.53,-0.41
3.6,20.700000762939453,-0.025893523012970654,0.006496945048792613,236.3299789428711,2.5,0.08499366578371514,0.046602159077986635,1.0611205101013184,-0.02611249393181858,4.57,-0.89,0.05957820738137087,0.15877660300810925,4.33,3.78,2.33,0.06327178517960097,0.07122856456533988,0.08222579178218825,19.399999618530273,21.670000076293945,20.579999923706055,3.5,3.6,-0.69,-0.7
3.5,18.700000762939453,-0.017910510423802206,0.15877660300810925,245.5507380167643,3.0,0.06881043400044984,0.08129020850280501,1.0904649496078491,0.03505161257710898,4.65,-0.58,0.04917719362889961,0.06576510828182158,4.57,4.1,2.56,0.05957820738137087,0.06404600402357152,0.08192106896425821,20.700000762939453,19.399999618530273,21.670000076293945,3.6,3.5,-0.89,-0.53
3.4,15.779999732971191,0.014668965735578743,0.06576510828182158,257.98309834798175,3.0,0.06942425936277252,0.07676039294718953,1.1128422021865845,0.014642341662481018,4.83,-0.6,0.049500798791243694,0.06876920617981463,4.65,4.33,3.08,0.04917719362889961,0.06327178517960097,0.07758813957693,18.700000762939453,20.700000762939453,19.399999618530273,3.5,3.5,-0.58,-0.69
3.6,17.940000534057617,-0.11318054935616173,0.06876920617981463,270.1292419433594,3.25,0.06098237055105882,0.05285435056077068,1.073306918144226,0.002482347368192972,5.06,-0.76,0.04131851231385042,0.03926540469438611,4.83,4.57,3.78,0.049500798791243694,0.05957820738137087,0.07122856456533988,15.779999732971191,18.700000762939453,20.700000762939453,3.4,3.6,-0.6,-0.89
3.6,13.59000015258789,0.03745048008379448,0.03926540469438611,286.7463200887044,3.5,0.05510338759348876,0.01623644663760237,1.0868029594421387,0.06472746490423464,5.08,-1.06,0.03070617072997095,-0.013566485224259739,5.06,4.65,4.1,0.04131851231385042,0.04917719362889961,0.06404600402357152,17.940000534057617,15.779999732971191,18.700000762939453,3.6,3.5,-0.76,-0.58
3.5,13.630000114440918,0.1579841981672605,-0.013566485224259739,301.31196848551434,3.5,0.052845528455284674,0.041715003243146816,1.1024264097213745,0.031138932355010862,5.12,-0.91,0.03287749268428297,-0.02429148144518778,5.08,4.83,4.33,0.03070617072997095,0.049500798791243694,0.06327178517960097,13.59000015258789,17.940000534057617,15.779999732971191,3.6,3.4,-1.06,-0.6
3.7,13.569999694824219,0.02237156642283078,-0.02429148144518778,314.2847035725911,3.75,0.05208560821139985,0.03402379537929709,1.0932546854019165,-0.017716390070854016,5.33,-0.76,0.03722504803505289,-0.03460330461240446,5.12,5.06,4.57,0.03287749268428297,0.04131851231385042,0.05957820738137087,13.630000114440918,13.59000015258789,17.940000534057617,3.5,3.6,-0.91,-0.76
3.7,17.520000457763672,0.08561525645412771,-0.03460330461240446,318.97532653808594,4.0,0.04316391496708749,0.010519085915138495,1.0587612390518188,-0.048719367465624885,5.33,-0.44,0.03687206638119256,0.07081565676542434,5.33,5.08,4.65,0.03722504803505289,0.03070617072997095,0.04917719362889961,13.569999694824219,13.630000114440918,13.59000015258789,3.7,3.6,-0.76,-1.06
3.9,18.139999389648438,-0.06792389731552706,0.07081565676542434,324.2351837158203,4.0,0.028708133971291794,0.05811606039301106,1.061503529548645,-0.02197968873798295,5.33,-0.19,0.032512659098611785,0.12067080141452613,5.33,5.12,4.83,0.03687206638119256,0.03287749268428297,0.049500798791243694,17.520000457763672,13.569999694824219,13.630000114440918,3.7,3.5,-0.44,-0.91
3.7,12.920000076293945,-0.10237372414668455,0.12067080141452613,332.7261454264323,4.0,0.023728452862310956,0.07927666835038913,1.0973695516586304,0.08917926878197013,5.33,-0.36,0.031333462745911866,-0.005560153739330387,5.33,5.33,5.06,0.032512659098611785,0.03722504803505289,0.04131851231385042,18.139999389648438,17.520000457763672,13.569999694824219,3.9,3.7,-0.19,-0.76
3.8,12.449999809265137,-0.05674035822197343,-0.005560153739330387,338.7732747395833,4.0,0.02904431393486373,0.06357810671042878,1.1055831909179688,0.04422923115636013,5.33,-0.35,0.033159099427102934,0.05728115017003055,5.33,5.33,5.08,0.031333462745911866,0.03687206638119256,0.03070617072997095,12.920000076293945,18.139999389648438,17.520000457763672,3.7,3.7,-0.36,-0.44
3.7,14.350000381469727,0.05861823948077949,0.05728115017003055,349.1034291585286,4.0,0.02760834670947032,0.06311567607837533,1.08433997631073,0.015895707598991615,5.33,-0.28,0.030883429864855705,0.040394450686988215,5.33,5.33,5.12,0.033159099427102934,0.032512659098611785,0.03287749268428297,12.449999809265137,12.920000076293945,18.139999389648438,3.8,3.9,-0.35,-0.19
3.9,13.399999618530273,0.03177328557141146,0.040394450686988215,363.3963673909505,4.0,0.025687294342426448,0.03252182796327905,1.0838816165924072,0.05172064062372317,5.33,-0.39,0.03157074141648697,0.018997161795659245,5.33,5.33,5.33,0.030883429864855705,0.031333462745911866,0.03722504803505289,14.350000381469727,12.449999809265137,12.920000076293945,3.7,3.7,-0.28,-0.36
3.9,13.010000228881836,0.06273953358917383,0.018997161795659245,380.8273620605469,4.0,0.024090048390490226,0.01918622925076998,1.0801469087600708,0.031018779915342964,5.33,-0.39,0.034868349120836584,-0.07461021529926304,5.33,5.33,5.33,0.03157074141648697,0.033159099427102934,0.03687206638119256,13.399999618530273,14.350000381469727,12.449999809265137,3.9,3.8,-0.39,-0.35
3.9,15.649999618530273,-0.014909196718397077,-0.07461021529926304,389.4496307373047,4.0,0.023520802843403743,0.061164066543872075,1.0715701580047607,-0.04161507173789869,5.33,-0.35,0.033607951262196734,0.06626772931462899,5.33,5.33,5.33,0.034868349120836584,0.030883429864855705,0.032512659098611785,13.010000228881836,13.399999618530273,14.350000381469727,3.9,3.7,-0.39,-0.28
3.9,12.920000076293945,-0.06029540367393571,0.06626772931462899,395.6355946858724,4.0,0.025499007210784796,0.07169779503675056,1.0835410356521606,0.0480211901511991,5.33,-0.38,0.03244278584003113,0.07859271849921345,5.33,5.33,5.33,0.033607951262196734,0.03157074141648697,0.031333462745911866,15.649999618530273,13.010000228881836,13.399999618530273,3.9,3.9,-0.35,-0.39
4.1,12.4399995803833,0.05909862550988576,0.07859271849921345,407.52154541015625,3.75,0.0250182424684664,0.08511721287093402,1.0721560716629028,0.03466980128308328,5.33,-0.35,0.029702579486470926,-0.06398933944680107,5.33,5.33,5.33,0.03244278584003113,0.034868349120836584,0.033159099427102934,12.920000076293945,15.649999618530273,13.010000228881836,3.9,3.9,-0.38,-0.39
4.2,16.360000610351562,-0.04451799377802956,-0.06398933944680107,411.1752065022786,3.75,0.025774809558593237,0.07900258705557342,1.0816072225570679,0.011321316887868749,5.33,-0.2,0.029414757935583014,-0.0028922153501599324,5.33,5.33,5.33,0.029702579486470926,0.033607951262196734,0.030883429864855705,12.4399995803833,12.920000076293945,15.649999618530273,4.1,3.9,-0.35,-0.35
4.2,15.0,-0.0559620126480882,-0.0028922153501599324,411.99855550130206,3.75,0.021587960560456754,0.07153355420760926,1.1061947345733643,0.022834706936630367,5.33,0.0,0.02607144490692037,0.03340733573627963,5.33,5.33,5.33,0.029414757935583014,0.03244278584003113,0.03157074141648697,16.360000610351562,12.4399995803833,12.920000076293945,4.2,3.9,-0.2,-0.38
4.1,16.729999542236328,-0.02009205115667001,0.03340733573627963,413.8260243733724,3.5,0.01727526637012522,0.04922165566542844,1.1169815063476562,0.020196884090601275,5.13,0.15,0.024264830315416708,-0.05565870589372335,5.33,5.33,5.33,0.02607144490692037,0.029702579486470926,0.034868349120836584,15.0,16.360000610351562,12.4399995803833,4.2,4.1,-0.06963,-0.35
4.1,23.15999984741211,-0.03901961114703645,-0.05565870589372335,416.8605702718099,3.25,0.01994832041343675,0.04478600917138914,1.0859178304672241,-0.009896743303151712,4.83,0.12,0.02578844053871343,0.04210638606481143,5.13,5.33,5.33,0.024264830315416708,0.029414757935583014,0.033607951262196734,16.729999542236328,15.0,16.360000610351562,4.1,4.2,0.15,-0.2
4.2,13.510000228881836,-0.01819234908125067,0.04210638606481143,418.4788004557292,3.25,0.02234694938156112,0.05410860445116621,1.0580891370773315,0.057301295482098835,4.64,0.05,0.02719472461284833,-0.002636140630622008,4.83,5.33,5.33,0.02578844053871343,0.02607144490692037,0.03244278584003113,23.15999984741211,16.729999542236328,15.0,4.1,4.2,0.12,-0.06963
4.1,17.350000381469727,0.026147421107572733,-0.002636140630622008,414.55763244628906,3.0,0.024281415378229587,0.04894094967038042,1.040615200996399,-0.02499013704848363,4.48,0.33,0.028706909675099812,-0.015278651052765713,4.64,5.13,5.33,0.02719472461284833,0.024264830315416708,0.029702579486470926,13.510000228881836,23.15999984741211,16.729999542236328,4.2,4.1,0.05,0.15
4.0,16.43000030517578,0.03943898037189686,-0.015278651052765713,414.27650960286456,3.0,0.02499218994064356,0.03015175298898159,1.0397279262542725,0.0270163042404441,4.33,0.36,0.029909783078999608,-0.043535997996191234,4.48,4.83,5.33,0.028706909675099812,0.02578844053871343,0.029414757935583014,17.350000381469727,13.510000228881836,23.15999984741211,4.1,4.1,0.33,0.12
4.2,19.6299991607666,-0.038191047700073644,-0.043535997996191234,411.2115427652995,2.75,0.0229742316050916,0.020940825590932563,1.039511799812317,-0.014242092699825126,4.33,0.25,0.028015834477613355,-0.052513361247237045,4.33,4.64,5.33,0.029909783078999608,0.02719472461284833,0.02607144490692037,16.43000030517578,17.350000381469727,13.510000228881836,4.0,4.2,0.36,0.05
4.2,22.280000686645508,0.02465598004633418,-0.052513361247237045,402.4137217203776,2.5,0.021674370826913147,0.019431479401942644,1.082391619682312,-0.05754469768137538,4.33,0.34,0.02381981462805549,0.05293166193248733,4.33,4.48,5.13,0.028015834477613355,0.028706909675099812,0.024264830315416708,19.6299991607666,16.43000030517578,17.350000381469727,4.2,4.1,0.25,0.33
4.2,24.700000762939453,-0.1856463856919187,0.05293166193248733,400.84791564941406,2.25,0.021550403431723097,0.05845975164793453,1.1389262676239014,-0.007624943346289825,4.33,0.57,0.0232538823025783,0.16470171227571928,4.33,4.33,4.83,0.02381981462805549,0.029909783078999608,0.02578844053871343,22.280000686645508,19.6299991607666,16.43000030517578,4.2,4.0,0.34,0.36
4.3,18.56999969482422,0.04432231354806704,0.16470171227571928,407.2309926350911,2.25,0.01864873127483957,0.10862288374055486,1.1350737810134888,0.06152382614078289,4.33,0.52,0.023772651073680873,0.08246408312257958,4.33,4.33,4.64,0.0232538823025783,0.028015834477613355,0.02719472461284833,24.700000762939453,22.280000686645508,19.6299991607666,4.2,4.2,0.57,0.25
4.1,16.729999542236328,0.05532571866473179,0.08246408312257958,420.07709248860675,2.0,0.019627783992677728,0.05791910407888884,1.1727453470230103,0.049606839467715824,4.33,0.52,0.02680453865910226,0.07255571507427194,4.33,4.33,4.48,0.023772651073680873,0.02381981462805549,0.028706909675099812,18.56999969482422,24.700000762939453,22.280000686645508,4.3,4.2,0.52,0.34
4.3,16.719999313354492,0.07960236809008725,0.07255571507427194,439.9664815266927,2.0,0.020142421159715207,0.05058341000492684,1.1429355144500732,0.0216665625306407,4.33,0.43,0.02742618052167134,-0.050252980882308895,4.33,4.33,4.33,0.02680453865910226,0.0232538823025783,0.029909783078999608,16.729999542236328,18.56999969482422,24.700000762939453,4.1,4.2,0.52,0.57
4.3,15.359999656677246,-0.07580132599005052,-0.050252980882308895,458.3961639404297,2.0,0.020217413390226424,0.0739301141146312,1.1686338186264038,0.019066444295036122,4.33,0.64,0.029385917430316155,0.02390314602759691,4.33,4.33,4.33,0.02742618052167134,0.023772651073680873,0.028015834477613355,16.719999313354492,16.729999542236328,18.56999969482422,4.3,4.3,0.43,0.52
4.4,16.280000686645508,-0.02562104592428127,0.02390314602759691,482.2740173339844,2.0,0.022167988610941602,0.06184413127057882,1.1731443405151367,0.035323687218701494,4.22,0.56,0.030225715847133294,-0.00027038377100996325,4.33,4.33,4.33,0.029385917430316155,0.02680453865910226,0.02381981462805549,15.359999656677246,16.719999313354492,16.729999542236328,4.3,4.1,0.64,0.52
4.43,17.440000534057617,-0.022286346215373176,-0.00027038377100996325,502.8421173095703,2.0,0.020774219700040453,0.0378191986412384,1.157246708869934,0.0226868719049238,4.09,0.51,0.027291362382022122,-0.049825143993146415,4.22,4.33,4.33,0.030225715847133294,0.02742618052167134,0.0232538823025783,16.280000686645508,15.359999656677246,16.719999313354492,4.4,4.3,0.56,0.43
4.5,16.350000381469727,-0.039849136166239196,-0.049825143993146415,508.36046346028644,2.0,0.021146807645384236,0.037585224386232075,1.15968918800354,0.0012996181666717899,3.88,0.55,0.026964439164939513,-0.015212806640997223,4.09,4.33,4.33,0.027291362382022122,0.029385917430316155,0.023772651073680873,17.440000534057617,16.280000686645508,15.359999656677246,4.43,4.3,0.51,0.64
4.4,14.949999809265137,-0.019299762302985246,-0.015212806640997223,506.3573760986328,2.0,0.019349609968595027,0.025419691051354987,1.1747292280197144,-0.0005241344225139777,3.72,0.71,0.02653304114557753,-0.11027253387667912,3.88,4.22,4.33,0.026964439164939513,0.030225715847133294,0.02680453865910226,16.350000381469727,17.440000534057617,16.280000686645508,4.5,4.4,0.55,0.56
4.3,17.440000534057617,0.1356670352480165,-0.11027253387667912,489.5059458414714,2.0,0.01635680178807264,0.048111420305427734,1.1855363845825195,0.013662958900920286,3.64,0.74,0.02391201432150014,-0.10560732036310269,3.72,4.09,4.33,0.02653304114557753,0.027291362382022122,0.02742618052167134,14.949999809265137,16.350000381469727,17.440000534057617,4.4,4.43,0.71,0.51
